route_id,route_name,date,source,style,lead_style,attempts
491,Adam's Route Left Buffalo,2023-09-14,MP,Lead,Fell/Hung,1
492,Keegerator,2023-09-14,MP,Lead,Onsight,1
493,Long Fun Route,2023-09-14,MP,Lead,Onsight,1
494,Traverse From Land Left,2023-09-08,MP,Solo,,1
495,DWS Route,2023-09-03,MP,Solo,,1
499,DWS Route,2023-09-03,MP,Solo,,1
503,Reticulum,2023-09-03,MP,Solo,,1
510,DWS Left Coliseum,2023-09-01,MP,Solo,,1
514,DWS Rounded Arete,2023-08-31,MP,Solo,,1
578,Trailside Arete Left,2023-07-19,MP,Attempt,,1
579,Arete Right Powder Keg,2023-07-18,MP,Flash,,1
580,Lincoln in an Easy Chair,2023-07-18,MP,Send,,1
627,Ladies First,2023-03-27,MP,Flash,,1
628,90% Cocoa,2023-03-27,MP,Send,,1
640,Snail Trail (corner),2023-03-24,MP,Flash,,1
684,The Strip,2023-01-08,MP,Attempt,,1
732,Outrageous,2022-08-19,MP,Lead,Fell/Hung,1
733,Abbey Road,2022-08-19,MP,Lead,Onsight,1
734,Whaleback,2022-08-19,MP,Lead,Onsight,1
748,Sidecar,2022-08-10,MP,Solo,,1
749,Channel No. 5,2022-08-10,MP,Solo,,1
750,Elsinore,2022-08-10,MP,Solo,,1
751,Unknown Route,2022-08-10,MP,Solo,,1
755,Maxi Pad,2022-08-09,MP,Send,,1
756,Maxi Pad,2022-08-09,MP,Attempt,,1
789,Shannon Springs Traverse,2022-07-30,MP,Lead,,1
794,Deflowered,2022-07-29,MP,Lead,Onsight,1
795,Permit Process,2022-07-29,MP,Lead,Onsight,1
796,Three Pistols,2022-07-29,MP,Lead,Onsight,1
797,Easy Tango,2022-07-29,MP,Lead,Onsight,1
806,Blue Streak Right Waterfall,2022-07-23,MP,Lead,Onsight,1
807,Long Route Right Gully,2022-07-23,MP,Lead,Onsight,1
808,Middle 3 Red Wall,2022-07-23,MP,TR,,1
809,Flower Pot Route,2022-07-22,MP,TR,,1
810,Dr. Rainbow's Infinity Mirror,2022-07-22,MP,Lead,Redpoint,1
811,Dr. Rainbow's Infinity Mirror,2022-07-21,MP,TR,,1
813,South Wall Clean Face,2022-07-20,MP,Lead,Flash,1
814,Shallow Dihedral Right Face,2022-07-20,MP,Lead,Flash,1
815,Dr. Rainbow's Infinity Mirror,2022-07-21,MP,TR,,1
861,Where the Wild Things Are,2022-07-02,MP,Lead,Flash,1
862,Wicked Felina,2022-07-02,MP,Lead,Fell/Hung,2
863,All Manner of Wonderments,2022-07-02,MP,Lead,Redpoint,1
864,All Manner of Wonderments,2022-07-02,MP,Lead,Fell/Hung,1
865,2nd Slab Right Trailhead,2022-07-02,MP,Lead,Onsight,1
866,1st Slab Right Trailhead,2022-07-02,MP,Lead,Onsight,1
959,Hook Billed Owl,2022-02-14,MP,Send,,1
960,Nocturnal Sand Turtle,2022-02-14,MP,Send,,1
961,Poison Blue Fox,2022-02-14,MP,Send,,1
1067,Le Crossant,2021-10-10,MP,Lead,Flash,1
1068,Tiramisu,2021-10-10,MP,Lead,Redpoint,1
1077,Hunter Museum DWS,2021-10-04,MP,Solo,,1
1187,Amazing Arete Tan Wall,2021-05-30,MP,Lead,Redpoint,1
1188,Amazing Arete Tan Wall,2021-05-30,MP,Lead,Fell/Hung,1
1189,Far Right Tan Wall,2021-05-30,MP,Lead,Flash,1
1190,Middle East Facing Wall,2021-05-29,MP,Lead,Fell/Hung,1
1191,Middle East Facing Wall,2021-05-29,MP,Lead,Fell/Hung,1
1192,Middle East Facing Wall,2021-05-29,MP,Lead,Fell/Hung,1
1193,NW Overhang Just North,2021-05-29,MP,Lead,Fell/Hung,1
1194,NW Overhang Just North,2021-05-29,MP,Lead,Fell/Hung,1
1210,Fledgling Angels,2021-05-16,MP,Lead,Fell/Hung,1
1211,Fledgling Angel,2021-05-16,MP,Lead,Fell/Hung,1
1538,Syrene Song,2019-07-09,MP,Lead,Redpoint,1
1539,Summit Fever,2019-07-09,MP,Lead,Onsight,1
1540,Devilâ€™s in Baggy Pants,2019-07-09,MP,Lead,Onsight,1
1541,"Lying, Unconstant Succubus",2019-07-09,MP,Lead,Onsight,1
1542,I don't want fop,2019-07-09,MP,Lead,Fell/Hung,1
1543,Domestic Disturbance,2019-07-09,MP,Lead,Onsight,1
1630,Chossy Slab Canal Zone,2019-03-12,MP,Lead,Flash,1
1780,Left of Waterfall 1,2018-07-17,MP,Lead,Onsight,1
1781,Left of Waterfall 2,2018-07-17,MP,Lead,Flash,1
1782,Left of Waterfall 3,2018-07-17,MP,Lead,Onsight,1
105714830,Soler,2020-09-09,MP,Lead,,1
105714944,El Matador,2020-09-11,MP,Lead,Fell/Hung,1
105717328,Generic Crack,2024-03-30,MP,Lead,Onsight,2
105717346,Binou's Crack,2024-03-30,MP,Lead,Onsight,1
105717364,Supercrack of the Desert (aka Luxury Liner),2024-03-30,MP,Lead,Onsight,1
105717463,30 Seconds Over Potash,2016-05-30,MP,,,1
105717484,Scarface,2019-02-26,MP,Lead,Redpoint,3
105717706,Bloody Elbows,2017-04-16,MP,,,1
105717712,9 Lives,2019-02-25,MP,TR,,1
105717763,Trading Places,2024-04-04,MP,Lead,Fell/Hung,1
105717766,3AM Crack,2024-03-30,MP,Lead,Fell/Hung,2
105717886,Wild Works of Fire,2024-03-30,MP,TR,,1
105717892,Namaste,2024-05-19,MP,Lead,Onsight,1
105717895,1/2 Route,2024-05-19,MP,Lead,Onsight,1
105717922,Wavy Gravy,2019-02-26,MP,Lead,Flash,1
105718036,Black Uhuru,2024-04-04,MP,Lead,Onsight,1
105718084,Old Bushmills,2024-04-17,MP,Lead,Fell/Hung,1
105718117,Huecos Rancheros,2024-05-19,MP,Lead,Fell/Hung,1
105718192,Tom Cat,2019-02-25,MP,Lead,Fell/Hung,1
105718198,Apostasy,2024-05-18,MP,Lead,Fell/Hung,1
105718201,Dirtbag,2024-05-17,MP,Lead,Onsight,1
105718207,Second Coming,2024-05-17,MP,Lead,Redpoint,2
105718384,Taco Terror,2024-04-17,MP,Lead,Fell/Hung,1
105718435,Blue Sun,2024-04-01,MP,Lead,Flash,1
105718441,Rochambeau,2024-04-01,MP,Lead,Onsight,1
105718522,Anchors From Hell,2024-04-17,MP,Lead,Onsight,1
105718642,Way Rambo,2024-04-01,MP,Lead,Fell/Hung,2
105732266,Physical Graffiti,2017-03-27,MP,,,1
105732272,Power Failure,2017-03-27,MP,,,1
105732374,Yaak Crack,2024-06-01,MP,Lead,Onsight,1
105732443,Levitation 29,2017-03-23,MP,Lead,Fell/Hung,1
105732560,Gelatin Pooch,2024-06-01,MP,Lead,Onsight,2
105732563,"Pump First, Pay Later",2024-06-01,MP,Lead,Onsight,1
105732629,Viagra Falls,2024-05-26,MP,Lead,Onsight,1
105732836,Chicken Eruptus,2017-03-24,MP,,,1
105732941,Panty Raid,2024-05-26,MP,Lead,Onsight,2
105732944,Kemosabe,2017-03-24,MP,,,1
105732962,Caliban,2024-06-01,MP,TR,,1
105732965,You Are What You Eat,2024-06-01,MP,Follow,,1
105735293,Nudist Side Jug Haul,2024-07-04,MP,Flash,,1
105735665,Diagonal Ramp,2024-07-04,MP,Send,,1
105740945,Delay of Game,2024-10-11,MP,Lead,Onsight,1
105740978,Just Say No,2022-07-25,MP,Lead,Onsight,1
105740981,Rye Crisp,2022-07-25,MP,Lead,Onsight,1
105740984,Private Idaho,2022-07-26,MP,Lead,Flash,1
105741116,Groundwork,2024-04-24,MP,Lead,Onsight,1
105741602,Tribal Boundaries,2024-10-12,MP,Lead,Onsight,1
105741848,Rollercoaster,2022-07-26,MP,Lead,Onsight,1
105741866,Colossus,2022-07-26,MP,Lead,Onsight,1
105741869,Coffee and Cornflakes,2022-07-26,MP,Lead,Onsight,1
105748047,East Face (Standard),2012-08-15,MP,,,1
105748079,Idle Hands,2012-08-25,MP,,,1
105748093,North Face Center,2013-07-20,MP,,,1
105748096,Aid Crack,2021-06-12,MP,Lead,Onsight,1
105748105,Qs,2017-12-09,MP,,,1
105748142,Empor,2021-06-12,MP,,,1
105748154,Louise,2014-08-14,MP,Lead,Onsight,1
105748160,Thelma,2014-08-13,MP,Lead,Onsight,1
105748178,Big Dihedral,2014-11-13,MP,TR,,1
105748184,"Old Roof Route aka Lemons, Limes, and Tangerines",2015-02-14,MP,Lead,,2
105748190,Protection From the Virus,2015-02-14,MP,,,1
105748196,Interface aka Slab Left,2015-02-14,MP,,,1
105748208,John Adams' Adams Apple,2015-01-25,MP,,,1
105748217,Killian's Dead,2015-01-25,MP,,,1
105748220,Deck Chairs on the Titanic,2015-01-25,MP,,,1
105748235,Natural Selection,2022-10-22,MP,Lead,Onsight,1
105748244,The Nordwand,2018-05-16,MP,Lead,,1
105748253,Too!,2022-10-22,MP,Lead,,1
105748256,Topless Etiquette,2012-04-10,MP,Lead,,2
105748259,Silver Glide,2018-10-29,MP,TR,,1
105748271,5th of July,2017-01-29,MP,,,1
105748298,Road Kill,2019-05-11,MP,Lead,Flash,1
105748361,Wind Ridge,2017-06-14,MP,Lead,Onsight,1
105748385,Twofers,2013-06-23,MP,,,1
105748391,Calypso,2017-03-05,MP,,,1
105748397,Reefer Madness,2015-07-20,MP,Lead,Onsight,2
105748403,Vixen,2015-07-20,MP,Lead,,2
105748406,Reggae,2017-03-05,MP,,,1
105748409,Recovery,2021-04-11,MP,Lead,Onsight,1
105748415,Wet Dream,2018-03-17,MP,Lead,Fell/Hung,1
105748418,Grins,2013-06-23,MP,,,1
105748421,Ten-Digit Dialing,2018-06-20,MP,Lead,Redpoint,3
105748433,The Great Escape,2018-06-26,MP,Lead,Flash,1
105748448,Mosquito Burrito,2021-04-10,MP,Lead,Onsight,1
105748451,Slammer,2018-06-14,MP,Lead,Redpoint,2
105748472,Lieback,2013-06-30,MP,,,1
105748478,A Tall Cool One,2021-04-04,MP,Lead,Redpoint,4
105748490,The Bastille Crack,2016-07-20,MP,,,1
105748496,Casual Route,2017-09-22,MP,Lead,Redpoint,3
105748499,Sykes' Sickle,2016-08-20,MP,,,1
105748505,Wrinkles in Time,2013-07-19,MP,Lead,,2
105748514,Red Wall aka Raptors in Cellophane,2012-09-09,MP,,,2
105748586,The Fabulous Flying Carrs Route,2015-12-23,MP,Lead,Redpoint,2
105748589,"This Ain't Naturita, Pilgrim",2015-01-18,MP,Lead,,3
105748591,Mrs. Hen Places a Peck,2023-03-19,MP,Lead,Flash,1
105748594,Mr. Squirrel Places a Nut,2017-01-08,MP,Lead,Redpoint,5
105748600,Henry Spies the Line,2017-01-01,MP,Lead,,4
105748609,Brain Cloud aka Shadow Arete,2014-11-13,MP,Lead,Onsight,1
105748618,What If You're Not?,2020-07-26,MP,Lead,,1
105748621,Wing Ding,2013-06-17,MP,Lead,,2
105748627,Hair City,2017-06-04,MP,Lead,Onsight,1
105748639,Blind Faith,2017-03-05,MP,,,1
105748657,The Yellow Spur,2016-09-24,MP,,,1
105748690,Regroovable,2024-12-22,MP,Lead,Onsight,1
105748693,Hot Licks,2022-05-14,MP,Lead,Onsight,1
105748699,It's Miller Time,2017-02-18,MP,,,1
105748702,Spinney Dan,2024-12-22,MP,Lead,Onsight,1
105748771,Vertigo,2016-08-03,MP,Lead,Redpoint,3
105748780,Guenese,2018-03-03,MP,,,1
105748816,Center Route,2023-02-19,MP,Lead,Fell/Hung,1
105748858,Gumby Cat,2016-07-24,MP,,,1
105748861,Grizabella,2016-07-24,MP,,,2
105748894,Stone Cold Moderate,2019-05-11,MP,Lead,,1
105748912,Knight's Move,2014-05-10,MP,,,1
105748918,S&M,2014-05-10,MP,,,1
105748936,Verschneidung Dihedral,2020-03-07,MP,Lead,Onsight,1
105748975,Thirteen Engines,2020-12-25,MP,Lead,Fell/Hung,1
105748990,No Passion for Fashion,2018-02-18,MP,Lead,Flash,1
105748993,Menses,2018-02-18,MP,Lead,Flash,1
105748999,West Buttress,2016-08-10,MP,,,1
105749002,Hazardous Waste,2023-02-26,MP,Lead,Redpoint,2
105749005,Power Trip,2022-04-17,MP,Lead,Redpoint,3
105749011,Anarchy Rules,2019-05-03,MP,Lead,Redpoint,5
105749029,Xanadu,2014-05-10,MP,Lead,Redpoint,2
105749116,Porkus Non Grata,2023-04-23,MP,Lead,Onsight,1
105749119,The Apple Bites Back,2024-12-23,MP,Lead,Onsight,1
105749122,Suburbia,2023-04-23,MP,Lead,Onsight,1
105749158,Sonic Youth,2019-07-24,MP,Lead,Fell/Hung,3
105749167,Hot Dog,2018-03-04,MP,Lead,Onsight,4
105749170,Fiddler on the Woof,2020-03-22,MP,Lead,Redpoint,2
105749182,Eiffel Tower,2020-08-27,MP,Lead,Redpoint,2
105749185,Old Deuteronomy,2016-09-18,MP,,,1
105749188,Rumple Teaser,2016-07-24,MP,,,1
105749216,Cloud Shadow Traverse,2023-02-12,MP,Attempt,,1
105749239,Big Dog,2020-03-24,MP,Lead,Fell/Hung,1
105749263,Center Left,2022-01-30,MP,Attempt,,1
105749293,Curving Crack,2023-07-30,MP,Lead,Onsight,1
105749395,Off Line,2015-01-25,MP,,,1
105749401,In Between the Lines,2021-01-01,MP,Lead,Flash,1
105749446,People's Choice,2019-05-11,MP,Lead,Onsight,1
105749461,First Impressions,2016-06-15,MP,Lead,,4
105749464,Learning to Crawl,2016-10-09,MP,Lead,,2
105749470,Topaz,2016-10-30,MP,,,1
105749530,Skimbleshanks,2016-09-18,MP,Lead,,2
105749551,Hot Stuff,2015-03-15,MP,Lead,,3
105749599,Handcracker Direct,2017-03-05,MP,,,1
105749626,Gneiss!,2018-07-22,MP,Lead,,1
105749629,Dave's Dilemma,2016-10-30,MP,,,1
105749647,Upside The Cranium,2020-12-06,MP,TR,,1
105749686,Steppenwolf,2017-09-30,MP,Follow,,1
105749689,Ragger Bagger,2017-09-30,MP,Lead,Onsight,1
105749692,Barbarians,2023-08-21,MP,Lead,Fell/Hung,1
105749755,Mr. Peery Take A Bow,2023-03-19,MP,Lead,Onsight,1
105749758,Blue Sky Mining,2020-11-11,MP,Lead,Fell/Hung,1
105749761,Burning Chrome,2020-11-11,MP,Lead,Onsight,1
105749767,Air Head,2020-11-11,MP,Lead,Onsight,1
105749776,Pseudo Bullet,2016-11-20,MP,,,1
105749782,Joint Venture,2018-10-27,MP,Lead,Onsight,1
105749785,Animation,2011-06-14,MP,Lead,,4
105749797,Y2K,2019-05-16,MP,Lead,Fell/Hung,3
105749800,Mineral Museum,2019-08-06,MP,Lead,Flash,2
105749812,D's Dry Dream,2018-12-30,MP,Lead,,1
105749830,Silver Bullet,2015-05-26,MP,,,2
105749836,Bimbo in Limbo,2015-05-26,MP,,,1
105749860,Not One Of Us,2016-10-15,MP,Lead,Fell/Hung,1
105749899,The Black Crack,2020-01-25,MP,Lead,Onsight,1
105749902,The Gill Crack,2020-01-25,MP,TR,,1
105749917,Positively Fourth Street,2017-03-05,MP,Lead,,2
105749920,Bourgeois Belay Dogs,2023-03-11,MP,Lead,Onsight,1
105749923,Karma Mechanic,2021-01-16,MP,Lead,Onsight,1
105749926,Partners in Crime,2023-03-11,MP,Lead,Onsight,1
105749929,Barney,2021-10-30,MP,Lead,Onsight,1
105749956,Free Willie,2015-05-30,MP,Lead,,3
105749971,Generation Gap,2017-05-02,MP,,,1
105749977,Balkan Dirt Diving,2018-04-07,MP,Lead,Redpoint,3
105749980,Cyborg,2024-12-23,MP,Lead,Onsight,1
105749983,Minimum Security,2021-01-16,MP,Lead,Onsight,1
105750016,Richter Scale,2019-12-12,MP,Lead,Onsight,1
105750028,Heavy Weather,2021-12-23,MP,Lead,Redpoint,3
105750037,No Rest For the Wicked,2020-01-05,MP,Lead,Redpoint,4
105750046,Living in America,2022-04-10,MP,Lead,Redpoint,2
105750049,Taping Tendons,2019-01-05,MP,Lead,Flash,1
105750052,Lost Planet Airman,2019-01-05,MP,TR,,1
105750055,2150 A.D.,2019-01-05,MP,Lead,Onsight,1
105750058,Back to the Future,2020-01-04,MP,Lead,Onsight,1
105750079,Slip and Slide,2019-03-12,MP,Lead,Onsight,2
105750085,Directissima,2017-08-05,MP,Lead,Fell/Hung,1
105750118,Officer Friendly,2018-06-18,MP,Lead,Fell/Hung,2
105750121,L.A. Law,2020-08-04,MP,Lead,Fell/Hung,1
105750124,Lawsuit,2018-06-14,MP,Lead,Onsight,3
105750139,Via Comatose Amigo,2017-01-29,MP,,,1
105750199,Punishment For Shoplifting,2018-07-22,MP,Lead,,1
105750205,West Corner,2022-11-05,MP,Flash,,1
105750208,Hey Good Lookin',2021-05-26,MP,Lead,Redpoint,2
105750418,March of Dimes,2017-06-04,MP,Lead,Onsight,1
105750451,Alan's Seam,2015-02-08,MP,Lead,,4
105750487,Curvaceous,2018-03-17,MP,Lead,Redpoint,4
105750568,The Bomb,2011-04-05,MP,,,2
105750721,Anarchitect,2018-04-01,MP,TR,,1
105750745,Lothlorien,2012-10-15,MP,,,1
105750859,Resident Bush,2015-02-08,MP,,,1
105750913,v1 Arete,2022-10-23,MP,Flash,,1
105751009,Lunar Avenue,2017-12-09,MP,Lead,Onsight,1
105751033,Femp,2017-07-23,MP,Lead,Onsight,1
105751045,Spike,2023-03-19,MP,Lead,Onsight,1
105751141,Jellicle Cats,2016-07-24,MP,,,1
105751309,Get a Job,2021-01-25,MP,,,1
105751315,Grand Giraffe,2024-11-17,MP,Lead,Onsight,1
105751339,Absolution (submitted as Hot if You're Not aka The Brown Eye Wall),2013-06-17,MP,Lead,,2
105751408,Zip Code,2017-12-09,MP,Follow,,1
105751492,Wind Machine,2021-01-24,MP,Lead,Fell/Hung,1
105751495,Highlander,2021-01-24,MP,Lead,Onsight,1
105751516,Drop Zone,2016-10-09,MP,,,1
105751579,Radometer in the Red Zone,2022-10-22,MP,Lead,Fell/Hung,1
105751597,Diamondback,2017-08-01,MP,Lead,Onsight,1
105751630,Flight 67 to Stockholm,2020-12-20,MP,Lead,Redpoint,2
105751756,Eiger Direct,2018-03-24,MP,Lead,Redpoint,3
105751759,Independence Day,2021-11-07,MP,Lead,Onsight,1
105751762,Rock the Vote,2021-11-07,MP,Lead,Onsight,1
105751765,Campaign Trail,2021-11-07,MP,Lead,Onsight,1
105751771,Party Line,2021-11-07,MP,Lead,Onsight,1
105751774,Fat Democrat,2021-11-07,MP,Lead,Onsight,1
105751777,Right To Be Wrong,2021-11-07,MP,Lead,Onsight,1
105751891,East Bench Dihedral,2012-08-19,MP,,,1
105751894,SE Face aka Southeast Arete (First Pinnacle),2012-08-19,MP,,,1
105751903,"2nd Pinnacle, NW Corner",2012-09-14,MP,,,1
105752005,Bonehead,2016-06-09,MP,Lead,,2
105752023,Freeway,2012-10-14,MP,,,4
105752050,Mind Mantel Arete,2017-01-08,MP,,,2
105752059,Hanging Judge,2018-06-26,MP,Lead,Flash,1
105752119,Death of Innocents (aka Chick Filet),2016-03-27,MP,,,1
105752167,The Ground Doesn't Lie,2020-12-20,MP,Lead,Onsight,1
105752194,Red Eclipse,2018-12-16,MP,TR,,1
105752206,Bush Loves Detroit,2016-11-20,MP,,,1
105752287,Take the Termites Bowling,2021-05-20,MP,Lead,Flash,1
105752290,Shiny Dog,2021-05-20,MP,Lead,Fell/Hung,1
105752323,Undertow,2023-07-11,MP,Lead,Redpoint,4
105752329,Lats Don't Have Feelings,2022-03-12,MP,Lead,Redpoint,2
105752335,Tits Up,2024-12-01,MP,Lead,Fell/Hung,1
105752344,Direct West Bench [formerly listed as variation],2012-09-09,MP,,,1
105752362,Thunder Tactics,2020-12-26,MP,Lead,Onsight,1
105752380,A7 -V1,2017-03-12,MP,,,1
105752389,Gravitations,2022-03-13,MP,Lead,Redpoint,2
105752419,Enchanted Porkfist,2016-10-22,MP,,,1
105752422,Lumina,2016-10-22,MP,,,1
105752464,Phase Dance,2023-04-23,MP,Lead,Fell/Hung,1
105752509,Mr. Mistoffeles,2016-07-24,MP,Lead,,2
105752560,Hand Crack (aka White Lightning),2020-03-07,MP,Lead,Onsight,1
105752563,Bad Girls Get Spanked,2021-04-10,MP,Lead,Redpoint,3
105752587,Lime Street,2019-01-05,MP,Lead,Flash,1
105752596,Conehead,2016-06-10,MP,Lead,Fell/Hung,3
105752599,Eiger Sanction,2020-08-27,MP,Lead,Onsight,1
105752602,Footloose,2018-05-16,MP,Lead,Onsight,1
105752605,Neo-Quasi Bugaloo,2016-10-09,MP,Lead,,2
105752626,Primal Scream,2019-11-09,MP,Lead,,2
105752632,East Ridge,2017-02-19,MP,,,1
105752698,Poker Face,2017-01-29,MP,,,1
105752731,Porkus Procurement,2016-10-22,MP,,,1
105752788,The Crack of Dawn,2017-10-21,MP,Lead,Onsight,1
105752794,North Arete,2013-06-03,MP,,,1
105752836,War In The Banks,2022-04-02,MP,Lead,Flash,1
105752839,Dihedrus,2015-10-30,MP,Lead,,2
105752845,Third Stage,2022-03-12,MP,Lead,Onsight,1
105752860,Dead Tree Crack,2015-04-05,MP,,,1
105752863,Limestone Lady,2015-04-05,MP,,,1
105752875,Not So Killer Bees,2015-04-05,MP,,,1
105752878,The List,2021-01-16,MP,Lead,Onsight,1
105752881,Dough Boys,2016-10-23,MP,,,1
105752887,Metropolis,2024-12-22,MP,Lead,Onsight,1
105752890,Time Square,2023-04-23,MP,Lead,Flash,1
105752899,Flashback To Acid Beach,2020-12-24,MP,Lead,Redpoint,2
105752905,Slender Fungus,2018-02-18,MP,TR,,1
105752908,Graceland,2020-12-24,MP,Lead,Redpoint,2
105752914,The Mural,2019-01-19,MP,Lead,Redpoint,2
105752917,Freeform,2015-10-31,MP,Lead,Fell/Hung,2
105752923,Helter Skelter,2023-03-11,MP,Lead,Onsight,1
105753022,Morrocan Roll,2017-10-22,MP,TR,,1
105753028,John Cruiser Meloncrimp,2019-01-19,MP,Lead,Onsight,1
105753076,Unusual Weather,2017-02-18,MP,,,1
105753190,Bullet The Brown Cloud,2018-11-10,MP,Lead,Fell/Hung,1
105753211,Rain,2017-06-04,MP,Follow,,1
105753265,Northwest Corner,2016-10-20,MP,Lead,Onsight,1
105753295,Defenseless Betty,2018-09-01,MP,Lead,Redpoint,7
105753328,Pinch Fest,2018-05-20,MP,Lead,Fell/Hung,2
105753373,Ricochet,2018-07-01,MP,Lead,,1
105753379,Community Service,2017-10-08,MP,Lead,Redpoint,3
105753391,80 Feet of Meat,2018-07-07,MP,Lead,Onsight,1
105753394,Merry Maids,2019-04-27,MP,Lead,Onsight,2
105753412,Captain America,2018-10-22,MP,Lead,Onsight,1
105753424,That Flakes It,2023-02-12,MP,Flash,,1
105753451,B/C,2020-01-04,MP,Lead,,2
105753502,Pile Driver,2019-04-27,MP,Lead,Fell/Hung,1
105753520,Foxy,2015-07-20,MP,,,1
105753538,Wadsworth Boulevard,2020-02-01,MP,Lead,Flash,1
105753541,Pick a Peck of Perfect Pulling Pockets,2024-11-30,MP,Lead,Redpoint,2
105753556,Castrator,2015-12-06,MP,,,1
105753562,Pedestrian Gene Pool,2023-03-11,MP,Lead,Onsight,1
105753565,Village Idiot,2015-12-06,MP,,,1
105753604,The Other One,2017-03-18,MP,,,1
105753616,Crynoid Corner,2015-11-01,MP,Lead,,2
105753628,Choss Temple Pilots,2021-09-18,MP,Lead,Flash,1
105753655,C++,2020-08-30,MP,Lead,Fell/Hung,1
105753667,Hurl Jam,2021-09-18,MP,Lead,Fell/Hung,1
105753670,Abandonment,2012-07-29,MP,,,1
105753757,Primer,2022-06-18,MP,Lead,Flash,1
105753805,Slabbed Up-Side da Head,2020-09-07,MP,Lead,Flash,1
105753832,Rehabilitator,2023-10-27,MP,Lead,Redpoint,2
105753838,Fist Full of Dollars,2018-07-01,MP,Lead,Fell/Hung,1
105753856,Return to Sender (aka Cap-gun),2021-09-04,MP,Lead,Redpoint,3
105753880,Fantasia,2024-11-30,MP,Lead,Onsight,1
105753910,Not My Cross To Bear,2018-10-22,MP,Lead,Fell/Hung,1
105753934,Motley Cruise,2021-09-19,MP,Lead,Flash,1
105753940,Cold Cuts,2021-09-18,MP,Lead,Onsight,1
105753952,Popular Demand,2018-05-27,MP,Lead,Onsight,2
105753982,East Face Gully,2013-06-03,MP,,,1
105753994,Redneck Hero,2023-07-16,MP,Lead,Onsight,1
105754030,Cosmic Thing,2017-02-05,MP,,,1
105754108,Leisure Class,2024-11-30,MP,Lead,Onsight,1
105754129,Strange Science,2022-07-16,MP,Lead,Fell/Hung,1
105754201,Blackman's Burden,2018-12-15,MP,Lead,Onsight,1
105754246,PMS,2017-09-10,MP,TR,,1
105754255,Buckets,2016-09-13,MP,,,1
105754348,Outta The Chute,2015-06-27,MP,,,1
105754354,Hidden Treasure,2016-10-30,MP,,,1
105754357,Private Idaho,2016-10-30,MP,,,1
105754372,Cornered Rats,2015-06-27,MP,,,1
105754432,James Brown's Wild Ride,2021-09-19,MP,Lead,Onsight,1
105754462,Graybeard (aka NoName 1),2012-10-28,MP,,,2
105754465,Kor's Corner,2023-05-27,MP,Lead,Redpoint,3
105754546,Funkdemental,2022-04-08,MP,Lead,Onsight,1
105754549,Thumbs Up,2015-10-30,MP,,,1
105754594,Kevin Spies the Line,2017-01-08,MP,,,1
105754711,Muted by Reality,2016-10-22,MP,,,1
105754756,Roadside Attraction (aka NoName 5),2012-10-28,MP,,,2
105754759,The Ballerina (aka NoName 6),2015-04-26,MP,,,3
105754765,Stay True (aka NoName 3),2017-11-25,MP,Lead,Onsight,1
105754807,The Consideration,2023-02-12,MP,Send,,2
105754825,Last Chance,2017-06-17,MP,Lead,Redpoint,2
105754828,Grave Line,2020-06-21,MP,Lead,Onsight,2
105754837,Dereliction Affliction,2022-03-13,MP,Lead,Onsight,1
105754939,5.9 Face,2018-04-10,MP,TR,,1
105754942,5.10a Face,2018-04-10,MP,TR,,1
105754945,5.7 Dihedral,2018-04-12,MP,TR,,1
105754948,5.8 Crack,2018-04-10,MP,TR,,1
105754960,5.7 Face,2018-04-12,MP,TR,,1
105754966,"5.9 Crack aka ""Into the Void""",2018-04-12,MP,TR,,1
105754978,Bushwhack Crack,2014-05-10,MP,,,1
105754999,Animal Riots Activist,2022-03-27,MP,Lead,Redpoint,2
105755113,Breashear's Crack II,2019-12-31,MP,Solo,,1
105755143,Bypass,2019-05-11,MP,Lead,,1
105755155,Broomhillda,2021-07-04,MP,Lead,Flash,1
105755278,Chasing Sticks,2017-03-18,MP,,,1
105755332,Tuff Haven,2012-08-05,MP,,,1
105755386,Lost in Space Direct,2023-10-22,MP,Lead,Onsight,1
105755503,"Hey Pueblo Gringo, Got a Hanger?",2015-10-30,MP,Lead,,3
105755527,Chicken Dance,2015-12-23,MP,,,1
105755533,Under The Table,2016-03-20,MP,Lead,Redpoint,2
105755560,Alexi's Climb,2018-12-16,MP,,,1
105755593,Under The Wire,2016-11-20,MP,,,1
105755617,Touch Monkey,2017-04-08,MP,,,1
105755662,"Honey, I Shrunk the Hemmorrhoids",2012-08-21,MP,,,2
105755704,Silverado,2017-02-18,MP,Lead,Flash,1
105755710,El Camino Royale,2012-10-20,MP,,,2
105755713,East Face/Royal Arch,2012-10-20,MP,,,1
105755722,Coffin Crack,2019-08-28,MP,Follow,,1
105755734,Crawling Up Roseanne's Belly,2015-12-19,MP,,,1
105755851,Block Party,2017-10-22,MP,Lead,Onsight,1
105755854,Period Piece,2020-12-24,MP,Lead,,1
105755866,Printer Boy,2021-07-05,MP,Lead,Onsight,1
105755872,Squid Kid,2019-08-18,MP,Lead,Onsight,2
105755875,Baby Doe,2020-05-31,MP,Lead,Onsight,2
105755881,Billy,2017-05-23,MP,Lead,Onsight,1
105755932,Don't Be Messin' With Ma Moves,2018-12-16,MP,TR,,1
105755989,Table Top,2017-01-01,MP,Lead,,3
105756094,Merlin,2019-07-28,MP,Lead,Fell/Hung,1
105756172,Regular Route [Mighty Wall],2022-10-23,MP,Send,,3
105756277,Standard Route,2022-10-24,MP,Send,,3
105756283,South Line,2022-11-05,MP,Attempt,,1
105756298,"Big, Big, Monkey Man",2023-07-16,MP,Lead,Fell/Hung,1
105756478,Lunchmoney,2018-06-12,MP,Lead,,2
105756496,Andrology,2020-09-07,MP,Lead,Fell/Hung,1
105756532,Glennevere,2013-05-09,MP,,,1
105756730,Isle of the Dead,2013-07-02,MP,,,1
105756784,Huston Crack,2023-08-21,MP,Lead,Flash,2
105756790,Empire of the Fenceless,2023-08-21,MP,Lead,Redpoint,2
105756814,Centerfold,2018-06-16,MP,Lead,,1
105756826,Edge of Time,2020-09-07,MP,Lead,Onsight,1
105756829,CG's Naked Fun Time,2020-09-07,MP,Lead,Onsight,1
105756946,The Dune,2021-10-30,MP,Lead,Onsight,1
105757051,Headline,2016-06-10,MP,Lead,,4
105757066,Glory Hole,2021-07-03,MP,Lead,Fell/Hung,1
105757111,Mighty Arete aka Dicey Prow,2022-11-05,MP,Send,,2
105757219,Mariscos Lambada (aka Zorba),2017-09-09,MP,Lead,Onsight,2
105757240,Spuds in Space,2017-10-08,MP,Lead,Onsight,4
105757243,Hot Potato,2017-10-08,MP,Lead,Onsight,2
105757246,Do The Mashed Potato aka Acquitted,2017-09-09,MP,Lead,,1
105757249,Matillda,2021-07-04,MP,Lead,Onsight,1
105757252,Empire of the Air,2019-07-20,MP,Lead,,2
105757393,Dead Can Dance,2013-07-02,MP,Lead,,2
105757414,Bihedral Arete,2020-12-05,MP,Lead,Onsight,1
105757423,Casual Corner,2020-12-06,MP,Lead,Onsight,1
105757462,The Mushroom,2021-01-31,MP,Lead,,1
105757477,Major Tom,2017-03-12,MP,,,1
105757534,Skunk Crack,2023-07-30,MP,TR,,1
105757618,I Claudius,2022-04-08,MP,Lead,Flash,1
105757627,Blood Monkey,2020-08-30,MP,Lead,Fell/Hung,1
105757681,The Pollinator,2018-07-07,MP,Lead,Fell/Hung,1
105757699,PMT aka Squawk Box,2017-09-10,MP,Lead,Onsight,2
105757708,Moroni Blows,2018-09-08,MP,Lead,Fell/Hung,1
105757876,South Warmup,2017-03-12,MP,,,1
105757993,I Did It My Way,2012-08-05,MP,,,1
105758020,Mercy Drilling,2017-03-18,MP,,,1
105758059,Wild Child,2017-05-23,MP,Lead,,1
105758062,Dominator,2013-07-02,MP,,,1
105758065,Solid Gold,2016-07-26,MP,,,2
105758080,Days of Future Passed aka Our Future Has Passed,2018-10-27,MP,Lead,Flash,1
105758098,West Bench Dihedral,2012-09-14,MP,,,1
105758107,Number 1 Super Guy,2018-01-14,MP,Lead,Flash,2
105758257,The Clipboard,2022-07-16,MP,Lead,Onsight,1
105758533,Left Variation (1st pinnacle),2014-05-26,MP,,,1
105758536,Inside S. Face (1st pinnacle),2014-05-26,MP,,,1
105758539,East Face/First Flatironette,2017-02-19,MP,,,1
105758545,Angel's Way,2018-01-13,MP,Solo,,1
105758584,Sunshine Dihedral,2020-12-06,MP,Lead,Redpoint,2
105758587,Comeback Crack,2023-07-30,MP,TR,,1
105758605,Crimp Scampi,2020-08-30,MP,Lead,Fell/Hung,1
105758647,Fission aka Ken T'ank,2020-06-13,MP,Lead,Fell/Hung,1
105758673,Nalalator,2017-10-21,MP,TR,,1
105758676,20th Century Man,2024-11-29,MP,Lead,Flash,1
105758898,"Salad Bar once known as ""The John Roskelly Show""",2020-12-20,MP,Lead,Onsight,1
105758910,Muscle Beach,2020-02-01,MP,Lead,Onsight,1
105758982,Banana Split,2022-03-12,MP,Lead,Onsight,1
105758988,Kalahari Sidewinder,2015-10-30,MP,Lead,,2
105758991,Christmas Tree,2015-10-30,MP,,,1
105759021,The Alignment,2018-12-15,MP,Lead,Fell/Hung,2
105759081,Tractatus,2018-12-16,MP,Lead,Onsight,1
105759084,Cheers,2024-11-29,MP,Lead,Onsight,1
105759102,Stone of Ignorance,2024-11-29,MP,Lead,Onsight,1
105759105,Damn Right I've Got the Moves,2024-11-29,MP,Lead,Onsight,1
105759111,Relampago,2022-04-08,MP,Lead,Onsight,1
105759165,Ian's Climb,2018-12-16,MP,Lead,Redpoint,2
105759450,Face Out,2022-01-30,MP,Attempt,,1
105759501,"5.10 Crack aka ""Thin Fingers""",2018-04-10,MP,TR,,1
105759516,Staying Power,2020-12-26,MP,Lead,Redpoint,2
105759594,Toxxxic Entertainment,2017-10-21,MP,Lead,Flash,2
105759696,Wholly Holey,2015-12-23,MP,Lead,,2
105759738,Ho Hum,2012-07-27,MP,,,2
105759750,Just Thesenga It,2022-03-12,MP,Lead,Onsight,1
105759783,Herb-A-Med-Veg-A-Matic,2020-11-11,MP,Lead,Flash,1
105759819,Breakdown Dead Ahead,2018-10-22,MP,Lead,Redpoint,2
105759972,Invisible Idiot,2023-07-30,MP,TR,,1
105760011,Little Kitten,2021-04-11,MP,Lead,,1
105760284,Unknown,2018-05-17,MP,TR,,1
105760317,"East Face, Far Right",2016-05-14,MP,,,1
105760332,Splitting Hares,2021-03-27,MP,Lead,Onsight,4
105760554,Trident,2012-09-07,MP,,,1
105760608,Iron Maiden,2020-09-27,MP,Lead,,1
105760695,Miner's Delight,2021-06-06,MP,Lead,Onsight,1
105760857,King Conqueror,2022-01-30,MP,Attempt,,1
105760878,Cheap Labor,2021-11-07,MP,Lead,Flash,1
105760884,Little Bear-Blanca Traverse,2013-07-31,MP,,,1
105760905,Recon,2016-04-09,MP,,,1
105760935,Dead Again,2013-07-02,MP,,,1
105761046,Cactus Drop,2024-12-22,MP,Lead,Onsight,1
105761067,Apple Jam,2023-04-23,MP,Lead,Onsight,1
105761151,Windows On the World,2019-07-20,MP,,,1
105761157,The Luminosity,2013-06-30,MP,,,1
105761217,Ga-stoned Again,2022-10-09,MP,Lead,Onsight,1
105761226,The Opportunist,2015-04-05,MP,,,1
105761265,Body Count,2020-09-27,MP,Lead,Onsight,1
105761298,Ripcord,2022-07-16,MP,Lead,Redpoint,2
105761364,Disinclination,2020-09-27,MP,Lead,,1
105761367,Tomb of Sorrows,2022-07-16,MP,Lead,Onsight,1
105761394,St. Patty's Slab,2017-10-21,MP,Lead,Onsight,1
105761448,Pack 'o Bobs,2015-12-23,MP,Lead,,4
105761463,Surreal Estate,2022-01-15,MP,Lead,Redpoint,3
105761481,Tootsie Roll,2015-02-08,MP,,,2
105761484,BM Route,2015-11-22,MP,,,1
105761514,Pueblo Gringos,2017-02-05,MP,,,1
105761523,Hot Beach,2022-04-08,MP,Lead,Flash,1
105761529,Heidi Hi,2021-01-01,MP,Lead,Onsight,1
105761547,14 Carats,2022-04-09,MP,Lead,Redpoint,2
105761802,Unknown 2 aka Never Ration Passion,2016-12-24,MP,,,1
105761877,Chip Off the Block,2024-11-30,MP,Lead,Onsight,1
105761883,Li'l Dog,2018-03-04,MP,Lead,Flash,2
105761895,River of Rabbits,2024-12-23,MP,Lead,Onsight,1
105761907,Weed n' Feed,2015-10-31,MP,,,1
105762027,East Face Right/Dinosaur Rock,2017-04-08,MP,,,1
105762201,Bottom Feeder,2018-05-28,MP,Lead,Onsight,1
105762327,Blade Runner,2015-10-30,MP,,,1
105762333,Motif,2019-01-19,MP,Lead,Redpoint,3
105762381,Leftover Stuff,2015-03-15,MP,Lead,,4
105762393,Hide n' Seek,2021-01-16,MP,Lead,Onsight,1
105762441,S-Crack,2014-05-04,MP,,,1
105762684,Unfamiliar Strangers,2014-05-18,MP,Lead,,3
105762699,Lounge Lizard,2017-08-01,MP,Lead,Onsight,1
105762795,Prospector,2020-06-21,MP,Lead,Onsight,2
105762807,Little Flatulence,2021-07-04,MP,Lead,Flash,1
105762957,Bush Administration,2015-05-03,MP,,,2
105762975,Busch Gardens,2015-05-03,MP,,,1
105762981,Dry Run,2021-04-04,MP,Lead,Onsight,3
105762984,Happy Ending,2021-03-27,MP,Lead,Flash,4
105763029,In Your Dreams,2020-09-19,MP,Lead,Redpoint,2
105763089,From Russia With Love,2020-01-05,MP,Lead,Onsight,3
105763122,Bar None,2020-07-26,MP,Lead,,1
105763161,What The Hey,2018-10-22,MP,Lead,Onsight,1
105763197,The Naked Hedge,2018-08-08,MP,Lead,Onsight,2
105763212,Purple Toe Nails,2024-11-29,MP,Lead,Onsight,1
105763323,The New Philanthropists,2018-12-16,MP,TR,,1
105763707,Bob's Crack,2019-06-23,MP,Lead,Fell/Hung,1
105763788,Crackside,2017-08-29,MP,Lead,Onsight,1
105763794,Guppy,2017-08-29,MP,Lead,Onsight,1
105763797,Fish and Chips,2017-08-29,MP,TR,,1
105763815,Tierra Del Fuego,2022-10-22,MP,Lead,Onsight,1
105763887,Familiar Strangers,2014-05-18,MP,,,1
105763911,Culp-Bossier,2021-08-29,MP,Lead,Onsight,1
105763914,Meat is Murder,2015-11-22,MP,,,1
105763950,Skippin' Stones,2020-09-23,MP,Lead,Fell/Hung,1
105763956,Nearer To Thee,2021-06-06,MP,Lead,,1
105764079,The Green Zone,2022-10-22,MP,Lead,Onsight,1
105764160,Persistent Vegetative State,2016-08-06,MP,Lead,,2
105764322,Englishman's Route,2023-08-19,MP,Lead,Onsight,1
105764409,Curb Service,2021-03-27,MP,Lead,Onsight,2
105764451,Midge Squadron,2021-05-01,MP,Lead,Fell/Hung,1
105764634,Little Stevie's Favorite Heifer,2015-05-30,MP,,,1
105764676,First Blood,2017-02-05,MP,Lead,,2
105765036,Super Suka,2018-12-15,MP,TR,,1
105765165,Cornered Again,2019-08-06,MP,Lead,Fell/Hung,1
105787215,Sands of Blood,2024-05-17,MP,Lead,Onsight,1
105789060,5 Gallon Buckets,2021-03-07,MP,Lead,Onsight,2
105789064,Light on the Path,2021-03-06,MP,Lead,Onsight,1
105789153,Ring of Fire,2024-02-03,MP,Lead,Redpoint,2
105789169,Dancer,2021-03-07,MP,Lead,Onsight,1
105789298,Toxic,2023-12-11,MP,Lead,Onsight,1
105789316,Blue Light Special,2023-12-13,MP,Lead,Redpoint,2
105789342,Chicken McNuggets,2024-01-29,MP,Lead,Onsight,1
105789348,Vomit Launch,2023-12-05,MP,Lead,Redpoint,2
105789513,Classic Crack,2020-07-12,MP,Lead,Redpoint,2
105789753,Latin Lover,2023-12-01,MP,Lead,Fell/Hung,3
105789934,Overboard,2024-03-07,MP,Lead,Flash,1
105790283,Moonshine Dihedral,2024-03-08,MP,Lead,Onsight,1
105790290,Zion,2023-12-31,MP,Lead,Onsight,1
105790438,Peanut Brittle,2021-03-06,MP,Lead,,1
105790444,Headless Horseman,2023-12-13,MP,Lead,Onsight,1
105790613,Karate Crack,2023-12-26,MP,Lead,Onsight,1
105790859,Crossfire,2023-12-26,MP,Lead,Fell/Hung,3
105791086,Toxic Shock,2024-08-22,MP,Lead,Redpoint,2
105792553,West Face Variation,2020-07-01,MP,Lead,,1
105792753,Solace,2024-05-17,MP,Lead,Onsight,1
105793956,Heresy,2023-11-27,MP,Lead,Redpoint,3
105796557,Wedding Day,2021-03-07,MP,Lead,Onsight,1
105798861,Unnamed 9+,2024-04-02,MP,Lead,Onsight,1
105798882,Flower Power,2024-04-02,MP,Lead,Onsight,1
105798885,Power Play,2024-04-02,MP,Lead,Redpoint,2
105799303,She's the Bosch,2024-10-12,MP,Lead,Fell/Hung,1
105799344,Reservations,2024-10-12,MP,Lead,Onsight,1
105799349,Firewater,2024-10-12,MP,Lead,Onsight,1
105799356,Quest for Fire,2024-10-12,MP,TR,,1
105800402,Morning Sky,2023-11-28,MP,Lead,Onsight,1
105800412,Nine Gallon Buckets,2021-03-06,MP,Lead,Onsight,2
105800700,Serrator Crack,2024-04-01,MP,Lead,,2
105801735,Lion Zion,2023-12-13,MP,Lead,Onsight,2
105802279,Thin Air,2024-02-23,MP,TR,,1
105802924,The Snaz,2017-07-05,MP,Lead,Fell/Hung,1
105802985,Early Bird,2018-12-16,MP,Lead,,1
105803148,Smart Server,2020-12-25,MP,Lead,Flash,1
105803440,Screaming Yellow Zonkers,2024-02-24,MP,Lead,Onsight,1
105803446,Cosmos,2024-02-24,MP,Lead,Flash,1
105803451,Bad Moon Rising,2024-02-24,MP,Lead,Flash,1
105803545,Wartley's Revenge,2024-02-03,MP,Lead,Flash,1
105803553,License To Bolt,2024-01-28,MP,Lead,Fell/Hung,1
105803655,Open Book,2017-07-04,MP,Lead,Onsight,1
105803921,Phone Call From Satan,2023-11-27,MP,Lead,Onsight,2
105803971,Caffeine Free,2023-12-11,MP,Lead,Onsight,1
105804040,Revelations,2024-01-25,MP,Lead,,2
105804292,Zebra Seam,2023-12-26,MP,Lead,Fell/Hung,1
105804852,Irene's Arete,2017-07-01,MP,Lead,Onsight,1
105806895,Teddy Bear's Picnic,2023-12-29,MP,Lead,Onsight,1
105807027,Cat Got Your Tongue,2019-02-25,MP,Lead,Flash,1
105809702,Three-Quarter Ton,2020-01-05,MP,Lead,Onsight,2
105810334,Wildfire,2024-10-07,MP,TR,,1
105812408,Renaissance,2024-12-23,MP,Lead,Onsight,1
105812559,JT's Route,2024-01-28,MP,Lead,Onsight,1
105812642,Cool Air,2024-02-23,MP,Lead,Flash,1
105812654,Suck my Kiss,2024-02-23,MP,Lead,Onsight,1
105812662,Cave Route,2024-02-23,MP,Lead,,1
105813238,Under the Boardwalk,2024-05-27,MP,Lead,Redpoint,2
105813275,Brief Encounter,2024-05-26,MP,Lead,Onsight,1
105813493,Marshall Amp,2023-01-04,MP,Lead,Onsight,1
105814121,Owen Spalding,2017-07-08,MP,Lead,,2
105814533,Blasphemy,2024-02-03,MP,Lead,Onsight,1
105816289,Ugly Stick,2015-05-26,MP,Lead,,4
105816995,"Third Pillar, Regular Route",2024-06-12,MP,Lead,Fell/Hung,1
105817270,Zebra Direct,2023-12-14,MP,Lead,Onsight,1
105818791,Barbecue The Pope,2023-11-28,MP,Lead,Onsight,1
105818849,Stratocaster Direct,2023-01-04,MP,Lead,Redpoint,2
105819372,Snoopy,2018-03-04,MP,Lead,Onsight,1
105819549,School Room Slabs,2012-09-09,MP,,,1
105819734,A Man in Every Pot,2024-06-01,MP,Lead,Onsight,1
105820098,Caustic Cock,2024-06-01,MP,Lead,Redpoint,2
105820346,New Testament,2024-02-03,MP,Lead,Onsight,2
105820350,Irreverence,2024-01-25,MP,Lead,Onsight,1
105820366,Cool Ranch Flavor,2024-03-05,MP,Lead,,1
105820721,Lion's Jaw,2024-02-03,MP,Lead,Onsight,1
105820726,The Outsiders,2023-12-14,MP,Lead,Onsight,1
105821077,Wherever I May Roam,2024-03-06,MP,Lead,,1
105822639,The Decider,2018-03-24,MP,Lead,Onsight,1
105824687,Enterprise,2015-04-04,MP,Lead,,3
105827047,Happiness,2018-07-16,MP,Lead,Fell/Hung,1
105827059,Addiction,2019-07-04,MP,Lead,Fell/Hung,1
105827433,Misunderestimate,2018-08-08,MP,Lead,Onsight,1
105827564,Shorty Bob,2022-10-09,MP,Lead,Onsight,1
105827570,Pulley Mammoth,2022-10-09,MP,Lead,Flash,1
105827628,Corner Drug,2019-07-04,MP,Lead,Onsight,1
105827646,Action Candy,2019-07-04,MP,Lead,Onsight,1
105828453,Storm of the Century,2019-07-04,MP,Lead,Onsight,1
105829983,Tsunami Of Charisma,2018-08-08,MP,Lead,Onsight,1
105831617,Tour de Poudre,2021-08-01,MP,Lead,Onsight,1
105832283,Mentor,2024-03-26,MP,Lead,Fell/Hung,1
105832643,Sobriety Check,2012-08-05,MP,,,1
105834737,Wet Dreams,2013-07-19,MP,,,1
105841216,Gaucho,2018-07-14,MP,Lead,Onsight,2
105841220,Zorro,2018-07-14,MP,Lead,Onsight,1
105841247,Urban Cowboy,2022-07-09,MP,Lead,Flash,1
105841251,Tribal War,2022-07-03,MP,Lead,Redpoint,2
105841257,Battle for a Wounded Knee,2022-07-09,MP,Lead,Redpoint,2
105841382,Claim Jumper,2016-07-16,MP,Lead,Redpoint,2
105841386,Red Rider,2016-07-16,MP,Lead,,3
105841390,Winchester Pump,2017-07-16,MP,Lead,Flash,2
105841688,Primate Grooming Procedures,2024-04-24,MP,Lead,Onsight,1
105841699,Monkey Duodenum,2024-04-24,MP,Lead,Onsight,1
105842687,Shortcut,2012-09-09,MP,,,1
105842717,Crackin' the Cherry,2017-07-03,MP,Lead,Fell/Hung,1
105842817,Mosquito,2024-09-02,MP,Lead,Onsight,1
105842825,Penny Lane,2024-09-09,MP,Lead,Onsight,2
105843581,Gorgeous,2024-03-21,MP,Lead,Onsight,1
105843696,Pick Pocket,2024-03-21,MP,Lead,Onsight,1
105845816,Flying Circus,2022-08-13,MP,Lead,Redpoint,3
105847524,Colors of Heaven,2018-07-16,MP,Lead,Onsight,1
105849567,Pooky Proof,2022-09-24,MP,Lead,Onsight,1
105851509,Never Sit With Your Back to the Door,2017-07-12,MP,Lead,Onsight,2
105851631,Cowboy Poetry,2017-07-15,MP,Lead,Flash,1
105851716,Take Your Hat Off,2019-07-06,MP,Lead,Onsight,1
105851974,Ryobi Ranger,2019-07-06,MP,Lead,Flash,1
105852183,"Red Dihedral (aka ""Yggdrasil"")",2024-06-19,MP,Lead,Onsight,1
105853353,Limestoned,2018-07-15,MP,Lead,Onsight,1
105853365,Character Witness,2019-07-13,MP,Lead,Onsight,1
105853386,Plea Bargain,2018-07-15,MP,Lead,Onsight,1
105854239,Flakes,2019-06-22,MP,Lead,Onsight,1
105855622,Twin Flakes,2021-07-03,MP,Lead,Onsight,1
105856656,Where the Sidewalk Ends,2019-07-14,MP,Lead,Onsight,1
105856679,Dope Shinto,2018-06-07,MP,Lead,Onsight,1
105856684,Center El Shinto,2018-06-07,MP,Lead,Flash,1
105856757,Circus in the Wind,2018-06-03,MP,Lead,Onsight,1
105856762,Sexorcisto,2018-07-15,MP,Lead,Onsight,1
105857631,The Devil Wears Spurs,2019-07-05,MP,Lead,,1
105857638,The Prospect,2017-07-15,MP,Lead,Onsight,1
105857666,Diedre,2022-08-15,MP,Lead,,1
105857742,Quarryman,2022-08-04,MP,Lead,Onsight,1
105857749,"Up, Up and Away",2024-09-09,MP,Lead,Onsight,1
105858078,Popeye and the Raven,2022-08-04,MP,TR,,1
105860676,Positive Vibrations,2024-06-09,MP,Lead,Fell/Hung,1
105862055,Poposer Cowboy,2022-07-10,MP,Lead,Redpoint,2
105862062,Poker Face Alice,2022-07-09,MP,Lead,Flash,1
105862083,Wotai,2016-07-14,MP,,,1
105862092,Medicine Man,2016-07-15,MP,Lead,Redpoint,3
105862459,Cornerstone,2018-12-16,MP,Lead,Onsight,2
105862660,Sword In The Stone,2020-09-27,MP,Lead,,1
105863234,Hot Tamale Baby,2019-07-05,MP,Lead,Onsight,1
105866010,Standard Route,2023-09-21,MP,Solo,,1
105867053,Torrid Zone,2024-10-05,MP,TR,,1
105867446,Herbal Essence,2012-10-01,MP,,,2
105868471,Yippey-Kay-Yay,2020-09-11,MP,TR,,1
105869766,La Vaca Peligrosa,2018-07-12,MP,Lead,Onsight,1
105870616,Edges and Ledges,2013-06-06,MP,,,1
105873216,Brand New Bosch,2013-06-06,MP,,,1
105878061,"Rapunzel, Rapunzel",2019-11-17,MP,Lead,Onsight,1
105878973,Churchill Rejects,2019-11-17,MP,Lead,,1
105880407,[Redacted],2023-12-05,MP,Lead,Redpoint,4
105880412,Super Sloper,2024-04-19,MP,Flash,,1
105880426,The Angler,2024-04-20,MP,Send,,1
105880668,Big Joe,2024-04-20,MP,Attempt,,1
105880686,"Warm Me Up, Scotty",2024-04-19,MP,Send,,1
105881031,Gettin' Warmer,2024-04-19,MP,Send,,1
105882606,Flags of Our Fathers,2020-12-05,MP,Lead,,1
105887208,Under Fire,2017-03-26,MP,,,1
105888371,Prerequisite for Excellence,2021-10-04,MP,Lead,Onsight,1
105888734,Go Sparky Go,2017-11-12,MP,Lead,Fell/Hung,1
105889237,Multiple Use Area,2021-10-04,MP,Lead,Onsight,1
105889536,Creature Feature,2021-09-27,MP,Lead,Onsight,1
105889540,Creep Show,2021-09-27,MP,Lead,Onsight,1
105889544,Count Floyd Show,2021-09-27,MP,Lead,Redpoint,2
105890055,Ramblin' Rose,2017-03-19,MP,,,1
105892533,Moving Target,2021-10-08,MP,Lead,Onsight,1
105893726,Skraps,2017-11-12,MP,Lead,Onsight,1
105893872,Overseas,2021-10-07,MP,Lead,Redpoint,2
105895536,Batteries Not Included,2024-04-02,MP,TR,,1
105900166,Gun For Hire,2017-03-25,MP,,,1
105900338,Guzzler,2022-02-20,MP,Lead,Onsight,1
105900347,Steggo,2022-02-20,MP,Lead,Onsight,2
105903232,Sacred Undergarment Squeeze Job,2024-05-26,MP,Lead,Onsight,1
105910504,Bandito,2017-05-28,MP,Lead,Onsight,1
105910510,Three's Company,2017-05-28,MP,Lead,Onsight,2
105910806,Neat and Cool,2024-09-02,MP,Lead,Onsight,1
105910942,Sphinx'ter Quits,2024-09-02,MP,Lead,Onsight,1
105911529,Monstrosity,2019-11-17,MP,Lead,Onsight,1
105911558,Jester,2019-11-17,MP,Lead,Fell/Hung,1
105912905,Flame Thrower,2024-06-15,MP,Lead,Redpoint,2
105912909,Planetarium,2024-06-16,MP,Lead,Fell/Hung,1
105913834,A Day in the Life,2024-06-01,MP,Lead,Onsight,1
105916155,Hole In One,2017-03-25,MP,,,1
105916163,Sky's The Limit,2017-03-25,MP,,,1
105918091,Skin The Cat,2023-09-20,MP,Lead,Onsight,1
105918466,Narcissus,2023-08-31,MP,Lead,Flash,1
105920151,Espantasuegra,2016-02-21,MP,,,1
105920155,La Ola,2016-02-21,MP,,,1
105926879,Love Handle,2021-10-04,MP,Lead,Onsight,1
105929386,Illegal Smile,2020-02-01,MP,Lead,Flash,1
105930590,Critic's Choice,2019-02-28,MP,TR,,1
105932154,The Reward aka Convicted Felon,2018-07-22,MP,Lead,Redpoint,3
105934199,Banana Peel,2022-08-12,MP,Lead,,1
105936142,Green Wall Essential,2024-03-22,MP,Flash,,1
105936665,Hot Karl Sunday,2017-04-15,MP,,,1
105936763,Iron Man Traverse,2024-03-22,MP,Send,,2
105938357,Techno Beat,2024-04-20,MP,Send,,2
105938362,Kelly's Arete,2024-04-20,MP,Flash,,1
105939475,Pancho Villa Rides Again,2016-02-19,MP,,,1
105941644,The Zip,2024-09-04,MP,Lead,Fell/Hung,1
105944377,Flight of the Gumbie,2023-09-05,MP,Lead,Onsight,1
105944381,The Green Piece,2023-09-05,MP,Lead,Onsight,1
105944388,Lactic Acid Bath,2023-08-29,MP,Lead,Fell/Hung,1
105944445,Baseboy Direct,2017-03-26,MP,Lead,Fell/Hung,3
105944477,Save the Heart to Eat Later,2017-03-27,MP,,,1
105944620,Have a Beer with Fear,2017-03-26,MP,,,1
105944650,What's Eating You,2024-06-01,MP,Lead,Onsight,1
105944680,Elbows of Mac and Ronnie,2017-03-26,MP,,,1
105950090,Pleasant Pheasant,2024-09-01,MP,Lead,Onsight,1
105954921,Clandestine Affair,2024-09-09,MP,Lead,Onsight,1
105956228,Pump Me Like a Shotgun,2018-06-05,MP,Lead,Onsight,1
105956236,Always Keep it Loaded,2019-07-13,MP,TR,,1
105956328,Great White Behemoth,2018-06-07,MP,Lead,Fell/Hung,1
105957589,Jammers' Delight,2022-08-10,MP,Solo,,1
105957709,Red Chili,2017-07-03,MP,Lead,Onsight,1
105958263,Cat Crack,2022-08-13,MP,Lead,Onsight,1
105959460,Laughing Crack,2022-08-02,MP,Lead,Onsight,4
105961980,Estrellita,2016-02-20,MP,,,1
105962497,Cornflakes,2024-09-02,MP,Lead,Onsight,1
105962502,Sally Five Fingers,2022-08-13,MP,TR,,1
105962510,Stumps,2022-08-13,MP,TR,,1
105963366,Octopus Garden in the Shade,2022-08-04,MP,Lead,Flash,1
105963848,The Rico Suave Arete aka Rico Suave,2023-08-29,MP,Lead,Onsight,1
105964688,King Me,2023-09-26,MP,Lead,Flash,2
105966234,Corner Crack,2022-08-13,MP,TR,,1
105969527,Silver Girl,2021-08-01,MP,Lead,Onsight,1
105972016,One Stick or Two?,2021-07-03,MP,Lead,Onsight,1
105972021,Master Blaster,2021-07-03,MP,Lead,Onsight,1
105972025,Clairabell,2021-07-03,MP,Lead,Onsight,1
105973402,Stone King,2018-06-08,MP,TR,,1
105973765,Flipper Babies,2024-05-09,MP,Lead,,1
105975442,Traditional Values,2012-10-28,MP,,,2
105975450,Moral Decay (aka NoName 4),2013-03-27,MP,,,1
105975456,Pass the Ditchie,2017-10-07,MP,Lead,Onsight,1
105975462,Road Runner,2012-10-28,MP,,,1
105975468,Primadona (aka NoName 6.3),2017-11-25,MP,Lead,,1
105975473,Original Route,2017-11-26,MP,Lead,Onsight,2
105982858,Gilded Lily,2020-09-07,MP,Lead,Flash,1
105988227,Orange Crush,2023-10-01,MP,Lead,Onsight,1
105988232,Plumb Bob,2023-10-01,MP,Lead,Onsight,1
105988238,Supersoul Sureshot,2023-10-01,MP,Lead,Fell/Hung,1
105988542,Buried Treasure,2013-06-02,MP,,,1
105989372,Apollo Reed,2023-08-30,MP,Lead,Fell/Hung,1
105992471,North Dihedral,2016-04-09,MP,,,1
105994333,Watermelon Sugar,2024-04-25,MP,Lead,Fell/Hung,2
105994719,Slip...Not!,2021-07-03,MP,Lead,Onsight,1
105994971,Stiffy,2017-07-03,MP,Lead,Fell/Hung,1
105997439,Jail Bait,2021-09-18,MP,Lead,Onsight,3
105999202,In the Beginning,2020-11-07,MP,Solo,,2
106001020,49,2024-04-24,MP,Lead,Fell/Hung,1
106002342,Sancho Belige,2023-09-05,MP,Lead,Onsight,1
106002969,Euro Trash,2018-06-07,MP,Lead,Onsight,1
106006309,Block and Tackle,2024-09-06,MP,TR,,1
106007327,Forgotten Years,2022-06-18,MP,Lead,Fell/Hung,1
106007361,The Nose,2021-07-04,MP,Lead,Onsight,1
106010128,Silly Little Bulge,2022-11-05,MP,Send,,2
106010509,Totem pole,2020-09-11,MP,Lead,Fell/Hung,1
106011580,Slapping Leather,2019-07-06,MP,Lead,Onsight,1
106011585,Stacked Deck,2017-07-16,MP,Lead,Onsight,1
106011590,Red as a Blooming Rose,2017-07-12,MP,Lead,Onsight,2
106011593,Iron Horse with a Twisted Heart,2017-07-12,MP,Lead,Onsight,1
106015558,The Raw and the Roasted,2017-10-21,MP,Lead,Onsight,1
106015608,"In the Morning, You'll Be Mine",2017-10-21,MP,TR,,1
106016375,Self Serve,2017-04-11,MP,,,1
106016391,Kwik-E-Mart,2017-04-11,MP,,,1
106016411,Five and Dime,2017-04-11,MP,,,1
106016652,Self Service,2024-04-19,MP,Send,,1
106018126,Watts Totts,2023-12-11,MP,Lead,Fell/Hung,1
106027088,Birthday Direct,2024-03-22,MP,Send,,2
106027239,Vortex aka Fat Slags,2021-09-06,MP,Lead,,1
106028730,Easy in an Easy Chair,2022-08-02,MP,Send,,2
106028737,Titanic,2022-07-28,MP,Flash,,1
106030927,Problematic,2017-03-25,MP,,,1
106032117,The Lifus's Farm Tools,2022-01-16,MP,Lead,Onsight,1
106032123,The Function,2022-01-16,MP,Lead,Fell/Hung,1
106032904,Time To Shower,2023-12-13,MP,Lead,Onsight,1
106033329,Humboldt Current,2024-03-14,MP,Lead,Onsight,1
106035142,Pop Quiz (aka Brown on Butter),2019-02-26,MP,Lead,Fell/Hung,1
106037207,Kurk the Roach,2022-02-20,MP,Flash,,1
106040243,The Easy Way Out,2022-02-21,MP,Flash,,1
106043868,No Future for the Timid,2019-01-05,MP,TR,,1
106055084,The Millennium Falcon,2012-07-19,MP,,,1
106055097,Long Traverse,2012-08-12,MP,,,1
106055181,Skunk Rub,2022-11-05,MP,Attempt,,1
106059274,Double Arete,2020-12-31,MP,Send,,1
106059648,King Coral,2022-01-16,MP,Lead,Onsight,1
106059659,Under the Milky Way,2022-01-16,MP,Lead,Onsight,1
106061254,Easy Flake,2012-08-01,MP,,,1
106061282,Joe 97 (right),2012-08-12,MP,,,1
106062386,Cave Man Crawl,2022-10-23,MP,Flash,,1
106068973,Best Seat In The House,2021-10-02,MP,Lead,,1
106069528,Great White,2024-03-14,MP,Lead,Fell/Hung,1
106070704,Tobacco Road,2023-08-30,MP,Lead,Fell/Hung,1
106070861,Darkness At Noon,2023-12-11,MP,Lead,Fell/Hung,1
106071021,Uber Machismo,2016-02-15,MP,,,1
106072248,The Squamish Buttress,2022-08-07,MP,Lead,Onsight,1
106081308,Easy Crack,2022-02-13,MP,Flash,,1
106081850,High Plains Drifter,2017-07-15,MP,Lead,Flash,1
106081874,Doob Loob,2018-07-12,MP,Lead,Onsight,2
106081917,Whip-Stocking,2023-09-22,MP,Lead,Onsight,1
106081922,Breakfast Burrito,2021-10-01,MP,Lead,Onsight,1
106081931,Fire and Brimstone,2023-09-22,MP,Lead,Onsight,1
106084921,Sourwood Arete,2022-02-13,MP,Flash,,1
106084934,Easy Crack Traverse,2022-02-13,MP,Flash,,1
106087318,Stickin' It To The Man,2017-05-20,MP,Lead,Onsight,2
106087605,Time Wave Zero,2016-02-16,MP,,,1
106094805,Hero Roof,2024-03-22,MP,Flash,,1
106099070,It,2021-10-02,MP,Lead,Onsight,1
106107557,Glass Babies,2018-12-15,MP,Lead,,2
106108183,Standard Route,2022-01-30,MP,Send,,4
106113458,Talking Out Of Turn,2015-05-30,MP,,,1
106118649,Dog Breath,2018-03-04,MP,Lead,,3
106119076,Black Dog,2020-03-24,MP,Lead,Onsight,1
106121243,"Biochemically Compacted Sexual Affection (aka, ""Sex"")",2024-03-21,MP,Lead,Onsight,1
106121898,Super Dario,2023-09-26,MP,Lead,Onsight,1
106125070,A Brief History of Climb,2021-09-29,MP,Lead,Flash,1
106125949,Reptile,2017-05-06,MP,Lead,,2
106126019,Reptile Tears,2017-05-06,MP,,,1
106126167,Is This For Real?,2017-10-01,MP,Lead,Onsight,1
106126181,The Real Thing,2017-10-01,MP,TR,,1
106126227,Storm,2017-05-06,MP,Lead,Redpoint,2
106126236,Anguish and Fear,2017-10-22,MP,TR,,1
106127916,Geezers Go Sport,2023-09-20,MP,Lead,Onsight,1
106127925,Monkey in the Middle,2023-09-20,MP,Lead,Onsight,1
106129861,Flash Dihedral (Knapp Version),2013-06-20,MP,,,2
106130698,Buttermilk Stem,2024-03-22,MP,Send,,2
106131018,The Prow,2024-03-22,MP,Flash,,1
106132213,Twinkie,2021-09-27,MP,Lead,Fell/Hung,1
106133344,W.A.S.P. (What About Some Pesticide?),2017-05-06,MP,Lead,,3
106135291,Ride My See-saw,2022-03-27,MP,Lead,Onsight,1
106141011,Frank's Wild Years,2017-10-28,MP,TR,,1
106141166,Silver Bullet,2017-05-21,MP,TR,,2
106141358,Beach Ball,2018-12-15,MP,Lead,,2
106142722,Chocolate Thunder,2017-05-06,MP,,,1
106143915,Fingers,2023-11-15,MP,Lead,Onsight,1
106148083,Heavy Water,2017-05-06,MP,,,1
106148166,Powder Monkey,2017-05-06,MP,Lead,,2
106148445,Wash Out,2024-04-21,MP,Flash,,1
106148465,Hand Crack,2024-04-21,MP,Flash,,1
106153682,Chainsaw Massacre,2021-10-01,MP,Lead,Fell/Hung,1
106157497,Tufa the Price of One,2016-02-21,MP,,,1
106157707,The Baroque Period,2020-12-24,MP,Lead,,1
106158273,Cows Ate My Hammock,2018-06-05,MP,Lead,,1
106159394,Step Right This Way,2018-06-03,MP,Lead,Onsight,1
106160862,Los Pepes,2017-10-22,MP,Lead,Onsight,1
106161870,Flesh Tuxedo,2018-01-06,MP,Lead,Flash,1
106164016,Turkey's Bleak,2022-03-13,MP,Lead,Onsight,2
106164020,Solar Eclipse,2018-12-16,MP,TR,,1
106165188,Protect the King,2017-10-22,MP,Lead,,2
106169015,Counter Balance,2016-10-22,MP,,,1
106169770,jasonbecker.com,2016-01-23,MP,Lead,,3
106170444,Silver Dollar,2021-07-03,MP,Lead,Fell/Hung,1
106170472,Crab Nation,2019-12-12,MP,Lead,Onsight,1
106171142,Left Side,2020-10-03,MP,TR,,1
106171149,Right Side,2020-04-02,MP,TR,,1
106179378,Pig City Nights,2016-01-23,MP,,,1
106180680,La Baca-Chenta,2016-02-21,MP,,,1
106181792,Sand Witch,2024-05-17,MP,Lead,Fell/Hung,1
106185056,The Cat's Meow,2016-02-15,MP,,,1
106188277,Boomstick Crack,2022-08-12,MP,Lead,Onsight,1
106190814,Ginger Snap,2023-12-28,MP,Lead,,1
106191286,Lichen It,2023-12-29,MP,Lead,,1
106193137,Captain Xenolith,2021-03-07,MP,Lead,Onsight,2
106193308,Rickles,2017-09-09,MP,Lead,Onsight,2
106198096,Left Cheek,2021-07-04,MP,Lead,Onsight,1
106199504,Insane Hound Posse,2018-06-03,MP,Lead,,1
106206829,Red Eye,2020-07-12,MP,Lead,,1
106207369,Powder Max,2021-07-04,MP,Lead,Flash,1
106207686,The Shaft,2020-07-26,MP,Lead,Fell/Hung,1
106207697,Pretty in Pinkler,2017-04-08,MP,,,1
106207924,Purple Nehi,2023-10-01,MP,Lead,Onsight,1
106210059,Turkey Jerky,2015-08-02,MP,Lead,,4
106210078,Ivy League,2016-06-05,MP,Lead,,5
106210086,Walking With A Ghost,2016-05-20,MP,Lead,Redpoint,7
106210200,Panama Red,2015-08-02,MP,Lead,,7
106210208,Route Canal,2016-09-24,MP,TR,,3
106210217,Gondolier Arete,2015-10-03,MP,Lead,,4
106210224,Made In The Shade,2015-10-03,MP,Lead,,5
106210757,Huggys Pull-up,2018-07-14,MP,Lead,Onsight,1
106210783,Chapito,2018-07-14,MP,Lead,,1
106220088,Batso Canal,2016-09-24,MP,,,1
106230405,"Marry Me, Becky",2017-10-28,MP,,,1
106231707,Carlin,2017-09-09,MP,Lead,,2
106232722,Atheist Childhood,2023-08-14,MP,Lead,Onsight,1
106232758,Women Vs. The Eternal Masculine,2023-08-14,MP,Lead,Onsight,1
106232767,Auto Erotic Decapitation,2023-08-14,MP,Lead,Onsight,1
106234501,Cirque du Sauve,2018-07-14,MP,Lead,Onsight,3
106236039,Orphan,2024-09-01,MP,Lead,Onsight,2
106239714,Rattlesnake Shake,2018-06-04,MP,Lead,Onsight,1
106240353,Burning Down the Couch,2024-09-07,MP,Lead,Fell/Hung,2
106242038,I Love the Big Top,2018-06-03,MP,Lead,,1
106243288,Beasto,2015-08-02,MP,,,1
106243615,Supre Guide,2017-09-09,MP,Lead,,1
106244272,Lucky Groove,2019-08-24,MP,Lead,Onsight,1
106248473,Pryor,2017-09-09,MP,Lead,Onsight,1
106252682,Sellers,2017-09-09,MP,Lead,,1
106255900,Five Finger Discount,2021-11-07,MP,Lead,Onsight,1
106260087,Balaam,2021-08-01,MP,Lead,Fell/Hung,1
106260100,Yadda Yadda Yadda,2023-09-22,MP,Lead,Flash,1
106263982,Totally Flaked,2020-09-11,MP,Lead,Flash,1
106273826,Levada,2015-10-03,MP,TR,,5
106274771,Pretty Woman,2015-03-15,MP,Lead,,3
106274886,Classic Handcrack,2024-03-28,MP,Lead,Onsight,1
106276346,Shelfish,2020-12-27,MP,TR,,1
106276350,Dillinger,2020-12-27,MP,Lead,Onsight,1
106281067,Lambada,2015-10-03,MP,,,2
106288755,The Real Thing,2024-09-30,MP,Attempt,,1
106289170,Gun Lust,2023-08-30,MP,Lead,Onsight,1
106293592,Sparkling Zygote,2017-11-12,MP,Lead,Onsight,2
106294459,Group Therapy,2020-12-05,MP,Follow,,1
106296529,Courage and Enlightenment,2022-01-15,MP,Lead,Fell/Hung,1
106300140,Mogo Chaji,2020-09-14,MP,Lead,Fell/Hung,1
106302512,Mock Duck RS,2020-09-13,MP,Lead,Flash,1
106307444,Snake Bite,2024-04-19,MP,Send,,1
106307572,Youth Warm-up,2017-04-23,MP,Lead,,4
106309924,Scar Tissue,2023-09-20,MP,Lead,Redpoint,4
106309932,Cannonball,2023-09-20,MP,Lead,Onsight,1
106310756,The Chaser,2020-11-08,MP,Lead,Onsight,1
106310770,Execution,2020-11-08,MP,Lead,Flash,1
106311413,Shadow Play,2017-06-06,MP,Lead,Fell/Hung,2
106315445,Freedom Fries,2017-06-06,MP,Lead,Onsight,1
106316700,Pretty Boy Floyd,2020-12-27,MP,Lead,Onsight,1
106317806,The Mind and the Matter,2017-06-06,MP,Follow,,1
106321103,Keeper of the Boat,2022-02-13,MP,Attempt,,1
106329028,Axis of Evil,2018-12-15,MP,Lead,Onsight,1
106330987,Intuition,2021-01-01,MP,TR,,1
106333406,"Bad Cop, No Donut",2016-02-23,MP,,,1
106333456,Warm Up Crack,2018-01-20,MP,TR,,1
106333478,The Short Tour,2018-01-20,MP,TR,,1
106337175,Recession Arete,2017-10-28,MP,Lead,Redpoint,2
106337191,The Mummy,2017-10-28,MP,Lead,Onsight,2
106337716,Arrested Development,2024-09-30,MP,Send,,2
106342166,Bottoms Up,2023-09-30,MP,Send,,2
106342174,Rainshadow,2023-09-30,MP,Send,,1
106344281,Kodachrome,2022-03-13,MP,Lead,Onsight,1
106349236,Soldier Without Faith,2017-10-22,MP,TR,,1
106356523,Dig Dug,2023-09-30,MP,Send,,2
106362564,Tired Arms Recovery Program (T.A.R.P.),2019-11-09,MP,Lead,,2
106363085,Ripped,2021-12-25,MP,Lead,Flash,1
106370147,California Dreamin',2024-04-10,MP,Lead,Onsight,1
106370830,Tinsel Town aka BR 2?,2015-12-06,MP,,,1
106376127,Slap Happy,2018-01-27,MP,Lead,Redpoint,4
106378499,Anything But Bush,2024-04-10,MP,Lead,Fell/Hung,1
106379180,Punkin Puss & Mushmouse aka Bow of the Titanic,2015-01-25,MP,,,1
106382806,Bloodshot,2023-12-05,MP,Lead,Redpoint,2
106383392,Sand Shark,2018-01-27,MP,TR,,2
106393621,Mountain Lion,2015-11-08,MP,,,1
106393645,The Gig,2015-11-08,MP,,,1
106394696,Urban Cowboy,2015-04-26,MP,Lead,Redpoint,5
106395083,Essential Peabody,2024-03-22,MP,Send,,1
106396135,Jaws,2018-01-27,MP,TR,,1
106396240,Sea Robin,2018-02-03,MP,TR,,1
106398385,At Fault for Chattery,2015-05-26,MP,,,1
106399857,Sunrise,2016-01-31,MP,,,1
106399874,Sunset,2016-01-31,MP,,,1
106404789,Woman In The Meadow,2024-10-05,MP,Lead,Redpoint,2
106406017,Send Arete,2016-01-31,MP,,,1
106407650,Star Shine,2016-01-31,MP,,,1
106413627,Sunny and Steep,2024-10-01,MP,Flash,,1
106413910,Day Break,2016-01-31,MP,,,1
106415046,Arresting Arete,2023-07-16,MP,Lead,Onsight,1
106416320,Twilight,2016-01-31,MP,,,1
106417009,Cask Strength,2017-10-21,MP,TR,,1
106423068,Edible Panties,2024-05-26,MP,TR,,1
106423153,Puking Yuppies,2019-11-10,MP,Lead,Redpoint,2
106423168,Starving Hippies,2016-01-23,MP,Lead,Onsight,2
106430124,Roadside Distraction (aka NoName 5.1),2017-11-24,MP,Lead,,1
106432223,Hard Kor,2018-04-22,MP,Lead,Redpoint,6
106434822,Slab Happy,2012-07-23,MP,,,1
106434849,Room With a View,2018-04-22,MP,Lead,,2
106442728,Unnamed V0,2024-03-22,MP,Flash,,1
106461172,Out of the Bag,2023-08-29,MP,Lead,Fell/Hung,1
106466818,Nightingale,2016-06-10,MP,,,1
106466829,Unknown 11 (AKA Worm Skin),2016-06-10,MP,,,1
106480421,Home Alone,2018-07-15,MP,Lead,Onsight,2
106480921,Frank's Tame Years,2017-11-18,MP,Lead,Redpoint,3
106495528,Calculus Crack,2022-08-01,MP,Lead,Onsight,2
106505012,Holiday Road,2016-05-20,MP,,,2
106506935,Venice Beach,2017-08-09,MP,Lead,Onsight,2
106508340,Premarital Drilling,2021-10-07,MP,Lead,Flash,1
106509465,Ripple,2016-09-05,MP,,,1
106511539,Go Down Gambling,2021-07-05,MP,Lead,Flash,1
106511980,Box of Rain,2018-07-31,MP,Lead,Onsight,1
106512677,One Eyed Jack,2022-07-09,MP,Lead,,1
106512700,Outlaws on the Run,2022-07-03,MP,Lead,,1
106515299,Pistola,2021-05-16,MP,Lead,Redpoint,3
106517680,Diamonds and Rain,2018-07-12,MP,Lead,Redpoint,3
106517711,Route 66,2023-12-17,MP,Lead,Onsight,1
106517818,Saddle Up,2018-07-12,MP,Lead,Onsight,2
106518769,Bear's Choice,2016-08-27,MP,,,1
106521564,Edible Panties,2022-08-04,MP,Lead,Onsight,1
106522090,Brother Toad,2021-07-05,MP,Lead,Flash,1
106524966,Wizard's Path,2022-06-12,MP,Lead,Onsight,1
106526938,Standard Bulge,2020-01-25,MP,Solo,,1
106527496,No Name Road,2024-09-05,MP,Lead,Onsight,1
106531211,Cut Loose,2016-08-27,MP,,,2
106537631,Joy of Heresy,2023-08-14,MP,Lead,Flash,1
106538438,Dark Horse,2022-06-12,MP,Lead,Redpoint,2
106538772,Licorice Stick,2018-07-12,MP,Lead,Onsight,1
106538812,Ticks for Chicks,2017-07-14,MP,TR,,2
106539040,Windy City,2016-07-14,MP,,,1
106543029,Jackalope & Boomslang,2019-07-05,MP,Lead,Onsight,1
106544067,Buffalo Soldier,2019-07-06,MP,Lead,Onsight,1
106555187,Rumpleminze aka Drillin' the Bush,2017-08-29,MP,Lead,Flash,1
106564976,Reunion,2012-08-01,MP,,,1
106564985,Summer Nights,2012-08-01,MP,,,1
106567657,East Face,2024-10-14,MP,Flash,,1
106568878,SouthEast Corner,2024-10-14,MP,Send,,2
106569920,Drinking Wine with the Chinese (aka The Jizzler),2016-03-27,MP,Lead,,3
106571828,Loyalty,2012-08-01,MP,,,1
106571860,Fire and Rain,2012-10-21,MP,,,1
106575748,100 Proof,2017-08-29,MP,TR,,1
106577204,Random Precision,2021-09-19,MP,Lead,Redpoint,2
106579832,Lynx Jinx,2023-09-20,MP,Lead,Onsight,1
106586504,Air Ride Equipped,2023-09-19,MP,Lead,Onsight,1
106603108,Captain Blondie Sinks The Ship,2023-09-18,MP,Lead,Flash,1
106605255,Soul Finger,2019-07-04,MP,Lead,Onsight,1
106609255,Spam,2024-04-04,MP,Lead,Onsight,1
106613059,The Stinger Arete,2022-02-14,MP,Lead,Redpoint,3
106617956,Standing Room Only,2021-10-07,MP,Lead,Flash,1
106618148,Black Slab,2017-04-15,MP,,,1
106634104,Supermax,2023-03-11,MP,Lead,Fell/Hung,1
106635147,Yellow Submarine,2022-02-13,MP,Flash,,1
106650919,Potato Chips,2023-01-03,MP,Send,,1
106657521,Monkey Bar,2023-01-03,MP,Flash,,1
106659356,Redrum,2017-01-01,MP,,,1
106661839,Bluesfish,2023-03-18,MP,Lead,Redpoint,2
106669533,Flying Fish,2018-02-03,MP,Lead,Fell/Hung,1
106670161,Optical Illusions,2017-05-28,MP,Lead,,1
106673268,Voyage of the Cowdog,2024-03-06,MP,Lead,Onsight,1
106678821,Fish N' Chips,2024-03-06,MP,Lead,Onsight,1
106681283,The Witch Doctor's Apprentice,2024-09-09,MP,Lead,Onsight,1
106683440,Monkey Bar Right,2023-01-03,MP,Attempt,,1
106685802,Stranger in Moscow,2019-11-10,MP,Lead,,1
106701638,Playin' Hooky,2013-06-10,MP,Solo,,9
106702431,Mexico in Flames,2016-02-23,MP,,,1
106702450,Trouble at the Border,2016-02-18,MP,,,1
106702950,Different Strokes,2021-09-29,MP,Lead,Redpoint,2
106720992,Road to Nowhere,2024-04-20,MP,Flash,,1
106721012,South Slab,2024-04-21,MP,Flash,,1
106721025,Meat Head,2024-04-21,MP,Flash,,1
106732641,Dusty Coffee,2023-01-08,MP,Attempt,,1
106749096,Large Marge,2019-01-05,MP,Lead,,1
106761035,North west corner,2024-10-14,MP,Send,,2
106765885,Leverage,2022-01-15,MP,Lead,Onsight,1
106775569,The Hoosier,2021-10-08,MP,Lead,Flash,1
106777929,Root Canal,2017-04-16,MP,,,1
106779735,Martin & Lewis,2017-09-09,MP,Lead,,1
106782760,Lost in Space,2024-03-08,MP,Lead,Fell/Hung,1
106784951,Bolt From the Blue,2024-03-07,MP,Lead,Onsight,1
106805444,Waves of Thunder,2023-08-08,MP,Lead,Onsight,1
106811063,Trigger Happy,2023-08-30,MP,Lead,Onsight,1
106811713,Royal Flush,2017-06-10,MP,Lead,Onsight,1
106811821,Lonely are the Brave,2017-07-15,MP,Lead,,1
106811988,Big Medicine,2016-07-14,MP,Lead,,3
106818981,Cocaine Rodeo,2018-06-05,MP,Lead,Onsight,1
106820788,Face Melter Roof,2018-06-04,MP,Lead,Onsight,1
106822355,Holiday in Cambodia,2024-09-01,MP,Lead,Onsight,1
106825185,Irie Meditation,2018-05-28,MP,TR,,1
106831583,B-Gizzle,2024-06-16,MP,Lead,Fell/Hung,1
106834761,High Tides,2018-06-12,MP,Lead,,2
106852135,Depth Charge,2023-09-02,MP,Lead,Fell/Hung,1
106852348,Super Best Friends,2023-09-27,MP,Lead,Redpoint,2
106852720,Irish Blood,2019-04-27,MP,Lead,Onsight,2
106853498,Macauley's Irish Stout,2023-09-02,MP,Lead,Fell/Hung,1
106859081,Super Nova,2018-09-22,MP,TR,,1
106859110,Refiner,2017-08-13,MP,Lead,Onsight,1
106859120,Giant Dihedral,2017-08-13,MP,Lead,Onsight,1
106859268,Lord of the Flies,2018-09-22,MP,TR,,1
106864599,The Squamish Butt Face,2022-08-12,MP,Lead,Onsight,1
106873883,U-Boat,2023-09-02,MP,Lead,Redpoint,2
106875622,Transformation,2017-06-17,MP,Lead,Onsight,1
106878183,The Enlightened Path,2019-06-30,MP,Lead,Onsight,1
106878189,Exodus,2021-09-05,MP,Lead,Onsight,1
106882008,The Solace of Bolted Faces,2022-07-09,MP,Lead,Flash,1
106882881,Genesis,2019-05-26,MP,Lead,Fell/Hung,1
106885251,Little Buckaroo,2017-07-15,MP,Lead,,1
106885267,Butch Pocket and the Sundance Pump,2022-07-06,MP,Lead,Fell/Hung,1
106885276,Gun Street Girl,2022-07-06,MP,Lead,Fell/Hung,1
106895798,Mosaic,2023-09-24,MP,Lead,Fell/Hung,2
106898765,I Hate Bats,2022-11-05,MP,Attempt,,1
106904122,Shasta,2023-12-17,MP,Lead,Onsight,1
106916377,Southwest Layback,2022-01-30,MP,Flash,,1
106919039,La Primera Vez,2022-01-16,MP,Lead,Onsight,1
106919060,Churning in the Cheese,2022-01-16,MP,Lead,Onsight,1
106920795,"Too Much Nooky, Not Enough Sleep",2018-08-25,MP,Lead,,2
106920866,Passing the Baton,2018-08-25,MP,Lead,,1
106921120,Learning Curve,2018-08-25,MP,Lead,,1
106921139,Practice Run,2018-08-25,MP,Lead,,2
106930714,Gym Jones Approved,2023-09-18,MP,Lead,Onsight,1
106937674,One-Armed Bandit,2023-09-18,MP,Lead,Onsight,1
106937809,Dude's Jam Crack,2018-07-28,MP,Lead,Redpoint,2
106940388,Any Doodle Do,2018-07-28,MP,Lead,Onsight,1
106940394,Dude's Five Nine,2018-07-28,MP,Lead,Onsight,1
106940412,In Harmsen's Way,2018-07-28,MP,Lead,Onsight,1
106940855,Infestation,2012-04-10,MP,,,1
106946197,Doorf,2020-09-12,MP,Lead,Onsight,1
106949735,"Badgering the Witness a.k.a. ""The Drilled Sergeant""",2020-09-12,MP,Lead,Flash,1
106950430,Manifesto,2019-03-01,MP,Lead,Onsight,1
106950462,Hot Sex,2019-03-01,MP,Lead,Onsight,1
106950661,Hand Traverse,2024-06-27,MP,Send,,1
106951283,The Sloth,2024-06-27,MP,Send,,1
106951536,Leaf Eater,2024-06-27,MP,Send,,1
106956135,Tooth or Consequences,2017-05-26,MP,Lead,,1
106956152,Thin and Crispy,2012-11-20,MP,,,1
106956344,Easiest,2012-11-20,MP,,,1
106956351,Easy,2012-11-20,MP,,,1
106956358,Easier,2012-11-20,MP,,,1
106956365,Deputy Dawg,2012-11-21,MP,,,1
106956480,Five Days One Summer,2019-08-24,MP,Lead,,1
106956490,Puppy Love,2021-11-28,MP,Lead,Fell/Hung,2
106956500,Girls With Guns,2021-11-28,MP,Lead,Onsight,1
106963977,Gen X ation (aka Musso Route),2016-01-23,MP,Lead,,3
106980972,Gold Rush,2023-09-24,MP,Lead,Redpoint,2
106985519,Wooly Bully,2018-03-11,MP,Lead,Fell/Hung,6
106990678,Lamont's Period,2020-12-25,MP,Lead,Flash,1
106990704,Heaven is Waiting,2018-01-06,MP,Lead,,2
106991236,Ian Murders Another Route,2017-01-01,MP,,,1
106994501,Pink Torpedo,2016-01-23,MP,,,1
106994597,PiÃ±on Slalom,2022-01-17,MP,Lead,Onsight,1
107000945,Mouse Trap,2022-08-13,MP,TR,,1
107015770,PipeStoned,2020-09-11,MP,Lead,Onsight,1
107018044,Poncho and the Three Perverts,2020-12-27,MP,Lead,,1
107018099,Knot Too Many Roaches,2020-12-26,MP,Lead,Flash,3
107018131,New Comer (aka New Corner),2020-12-27,MP,Lead,Onsight,1
107019385,2010A,2016-01-23,MP,,,1
107019420,Lefty,2016-01-23,MP,,,1
107019607,The Richness of It All,2023-11-05,MP,Lead,Redpoint,2
107025270,Season Down Under,2022-01-17,MP,Lead,Onsight,1
107025294,Tuff Shed (aka B&C),2019-11-10,MP,Lead,,2
107030493,Across the Choss,2023-01-08,MP,Flash,,1
107039182,Country Style Pork Rib,2012-11-21,MP,,,1
107040067,Doritos,2024-03-05,MP,Lead,Fell/Hung,1
107041112,Hume's Horror,2018-02-18,MP,Lead,Onsight,1
107044408,Grateful Head,2020-11-29,MP,Lead,Onsight,2
107050005,Watusi Afterworld,2020-11-29,MP,Lead,Fell/Hung,1
107050535,Mugre Mugre,2016-02-18,MP,,,1
107063882,Muffin Man (aka Leaning Corner or Moderation),2023-11-17,MP,Lead,Onsight,2
107063887,Uncle Remus (aka Short Corner),2023-11-17,MP,Lead,Fell/Hung,2
107064103,Inner Sanctum,2024-03-22,MP,Flash,,1
107072848,Ludlow Massacre,2019-01-19,MP,Lead,Flash,1
107072897,Zia,2015-12-06,MP,,,1
107072920,Dr. Howard's Digital Exam,2016-10-23,MP,Lead,,2
107074342,Hyperglide (aka Monkey Pinch),2023-01-03,MP,Attempt,,1
107077976,2-fer,2017-05-28,MP,Lead,Onsight,2
107083717,Unknown Arete,2017-10-01,MP,Lead,Onsight,1
107098593,Y- Left (submitted as Why Left),2018-01-07,MP,Lead,Fell/Hung,2
107104796,Star Chek,2022-08-14,MP,Lead,,1
107106829,Trundle,2019-01-05,MP,Lead,Onsight,1
107114205,Induction Oven,2018-02-18,MP,Lead,Onsight,1
107115257,Waffle House,2017-02-04,MP,,,1
107117827,Night Flight,2023-12-28,MP,Lead,,1
107118780,Love Your Enemies,2019-07-24,MP,Lead,Fell/Hung,1
107129268,Holy Mackerel,2022-11-20,MP,Lead,Onsight,2
107132491,Bottled Up Warrior,2021-10-08,MP,Lead,Fell/Hung,1
107142442,Back to Zero,2024-09-22,MP,Lead,Onsight,1
107142449,Feel On,2024-09-22,MP,Lead,Onsight,1
107142457,Cavebird,2024-09-22,MP,Lead,Onsight,1
107142462,Feel On Baby,2024-09-22,MP,Lead,Onsight,1
107153195,Spike aka BR 1,2024-12-22,MP,Lead,Onsight,1
107154201,CJ & The Lesbian Seagull,2020-01-05,MP,Lead,,1
107156573,Aretnophobia,2016-05-20,MP,,,3
107166707,Room Service,2021-07-05,MP,Lead,Flash,1
107168846,The Morning Poos,2017-02-04,MP,,,1
107177376,[Redacted],2016-11-20,MP,,,1
107177396,Riverside Boulder V1,2024-04-20,MP,Flash,,1
107177419,K-Town V1 Left,2024-04-20,MP,Flash,,1
107177426,K-Town V1 Right,2024-04-20,MP,Flash,,1
107185361,Kill by Numbers,2024-04-21,MP,Attempt,,1
107185884,Pale Face Magic,2016-07-14,MP,Lead,,2
107185903,Whoa Nelly,2016-07-15,MP,,,1
107187071,Dr. Ceuse,2024-09-29,MP,Lead,Onsight,1
107191094,Wutang,2022-07-08,MP,Lead,Redpoint,1
107196033,The Bottom Line,2022-08-01,MP,Lead,Fell/Hung,1
107198282,Skywalker,2022-08-09,MP,Lead,,1
107207724,Borat,2022-06-18,MP,Lead,Onsight,1
107212605,Nose Picking Good,2017-05-26,MP,Lead,Onsight,1
107220802,The Juvenile,2020-09-12,MP,Lead,Redpoint,2
107221986,Gatehouse of Loneliness,2012-11-21,MP,,,1
107222386,Lean Into It,2020-11-29,MP,Lead,Onsight,1
107227230,Dry Wall 85,2018-06-06,MP,Lead,Flash,1
107227969,Slamdance Cosmopolis (aka It Takes a Village),2017-02-18,MP,,,1
107230326,Going Greek,2021-07-04,MP,Lead,Onsight,1
107231744,Z Man,2019-05-27,MP,Lead,,2
107231754,Mr. Cranky Pants,2018-05-20,MP,Lead,,2
107233036,Home Wrecker,2021-07-03,MP,Lead,Onsight,1
107235387,Small Fry,2017-09-09,MP,Lead,Fell/Hung,1
107235954,Gunnery Sergeant Hartman,2018-09-08,MP,Lead,Onsight,1
107235965,Dr. Strangelove,2017-10-08,MP,Lead,Onsight,2
107246839,Fissureman's Friend,2022-08-05,MP,Lead,Onsight,1
107246850,Gang of Foreplay,2022-08-05,MP,Lead,Onsight,1
107265899,Rooster Cogburn,2019-07-07,MP,Lead,Onsight,1
107277077,King for a Day,2024-06-26,MP,TR,,1
107281739,Aces High,2017-06-10,MP,Lead,Onsight,1
107283574,Entering Relativity,2024-01-28,MP,Lead,Onsight,1
107285959,Quiet Time,2023-09-30,MP,Flash,,1
107301050,Something's Always Wrong,2021-10-08,MP,Lead,Onsight,1
107304439,Metamorphic Dawning,2024-10-05,MP,TR,,1
107308040,Winged Lizard,2018-06-03,MP,Lead,Onsight,1
107312510,Dost Mitra,2024-05-19,MP,Lead,Onsight,1
107329256,First Blood,2012-11-20,MP,,,1
107329629,Hakuna Matata,2023-09-22,MP,Lead,Redpoint,3
107339211,Big Bad Wolf,2017-03-27,MP,,,1
107339757,Wild Bore,2016-09-11,MP,Lead,,1
107345189,Crack to Chimney,2020-01-20,MP,Lead,Onsight,1
107365485,Wind River Muzzle Loaders,2017-07-14,MP,TR,,1
107365496,A Man from Laramie,2022-07-03,MP,Lead,Onsight,1
107375436,Kum & Go,2017-04-11,MP,,,1
107379148,Hip to the Jive,2021-09-30,MP,Lead,Onsight,1
107379163,Wonkaholic,2021-09-30,MP,Lead,Onsight,1
107380855,Generation X,2018-01-14,MP,Lead,Fell/Hung,1
107381798,Deepwater Horizon,2023-03-18,MP,Lead,Redpoint,2
107384080,Bongo,2023-08-29,MP,Solo,,1
107385440,Choss Boss,2021-03-28,MP,Solo,,1
107385804,The Pork Chop,2023-01-08,MP,Flash,,1
107385814,The Lamb Chop,2023-01-08,MP,Flash,,1
107392396,Unknown,2018-04-22,MP,Lead,Onsight,1
107403063,[Redacted],2022-01-15,MP,Lead,Redpoint,2
107410390,The Nickelpup,2012-11-20,MP,,,1
107416270,Toura Obscura,2015-01-25,MP,,,1
107428294,Stone Hinge,2022-02-14,MP,Lead,Fell/Hung,1
107432279,Canadians Finest,2024-04-22,MP,Flash,,1
107432289,Skyy,2024-04-22,MP,Flash,,1
107454465,Lick and a Promise,2018-01-06,MP,,,1
107503043,Bobcat in the Kiparoo,2024-04-21,MP,Attempt,,1
107514316,Prima Nocta,2017-02-05,MP,,,1
107528888,Feeling Lucky,2020-07-26,MP,Lead,,1
107554557,Wendy's Arete,2023-09-01,MP,Solo,,1
107554697,Twin Weapons of Mass Distraction,2017-03-26,MP,,,1
107563841,Machine Gun Funk,2021-05-23,MP,Lead,,2
107565318,Rain,2017-04-15,MP,,,1
107568862,SE Face,2022-10-23,MP,Flash,,1
107586304,Lamoidian Power Dance,2024-10-06,MP,Lead,Flash,1
107586313,Morning Dew,2024-10-05,MP,TR,,1
107611862,Rip Chords,2019-08-24,MP,Lead,,1
107626706,84.1% Eclipse of the Heart (The Eclipse Route),2012-07-23,MP,,,1
107626730,Black Bunny Rabbit,2012-07-23,MP,,,1
107626741,RSG,2012-07-23,MP,,,1
107631387,Bovine Intervention,2022-07-06,MP,Lead,Onsight,1
107649866,Greenhorns in Velvet,2017-07-16,MP,TR,,1
107651058,Warm Up,2013-06-05,MP,,,1
107677803,Whippers in Time,2020-09-19,MP,Lead,Redpoint,2
107681959,Gluttonous Ego,2020-11-29,MP,Lead,Onsight,1
107685911,3rd Dimension,2012-07-19,MP,,,1
107685962,Web of Life,2012-07-19,MP,,,1
107685986,Tribal Wisdom,2012-07-19,MP,,,1
107686007,Rapa Nui,2012-07-19,MP,,,1
107696106,Babareena Pass,2018-06-04,MP,Lead,,1
107698417,Rufus' Roof Variation aka Climbing Sports,2019-08-28,MP,Lead,Onsight,1
107711074,No Vacancy (submitted as No Math Required),2023-03-11,MP,Lead,Onsight,1
107714230,Robot Steamroller,2019-07-12,MP,Lead,Onsight,1
107714267,Vulcan Jessery,2019-07-12,MP,Lead,Onsight,1
107716738,Wrong End of a Gun,2022-07-01,MP,Lead,Fell/Hung,1
107728081,Rock Juice,2021-07-03,MP,Lead,Flash,1
107730856,Ride Me Cowgirl,2017-07-14,MP,Lead,,2
107730865,Dirty Sally,2017-07-14,MP,Lead,,2
107739822,Pound Town,2013-07-19,MP,,,1
107743283,Water into Wine,2018-07-17,MP,Lead,Onsight,1
107750840,Chocolate Nut Factory,2013-07-19,MP,Lead,,2
107755206,The Gooey Grasshopper,2023-08-13,MP,Lead,Flash,1
107755218,Dirt Gator,2023-08-13,MP,Lead,Onsight,1
107755253,Suits and Boots,2023-08-13,MP,Lead,Onsight,1
107755261,Red Dawn,2023-08-13,MP,Lead,Onsight,1
107758295,A Cougar One Bite Brownie,2024-09-05,MP,Lead,Onsight,1
107758342,Heavy Petting Action,2024-09-10,MP,Lead,Onsight,1
107772738,Summer Vacation,2024-09-06,MP,Send,,2
107774491,Shut the Fuck Up,2023-08-16,MP,Lead,Fell/Hung,2
107780271,[Redacted],2017-07-14,MP,TR,,1
107784443,Rachel's Route,2017-09-09,MP,Lead,Onsight,3
107785133,Two Ducks and an Angel,2016-07-16,MP,Lead,Onsight,1
107785140,Hang Fire,2016-07-17,MP,,,1
107852485,Jimboliar,2017-05-27,MP,Lead,Onsight,1
107852506,Ladies First,2016-11-26,MP,,,1
107856016,Wedding Streak,2018-05-19,MP,Lead,Onsight,1
107856027,Straight Man,2018-05-19,MP,Lead,Onsight,2
107859260,Bearded Outlaw,2017-11-25,MP,,,1
107860363,Systemic Risk,2021-07-22,MP,Lead,Flash,1
107866156,Admiral Nelson,2024-04-22,MP,Flash,,1
107887080,Power Of Union,2024-06-16,MP,TR,,1
107933321,Stumblebum Traverse,2024-04-19,MP,Attempt,,1
107934642,Ben,2021-10-01,MP,Lead,Fell/Hung,1
107937786,Shit,2024-04-20,MP,Flash,,1
107937830,Downclimb Left,2024-04-20,MP,Send,,1
107963789,Enter The Dragon,2023-11-05,MP,Lead,,1
107976782,Crack/Bulge,2017-01-08,MP,,,1
108002634,Flakes,2024-03-22,MP,Send,,1
108043545,Swedish Fish,2023-09-28,MP,Lead,Redpoint,2
108127687,The Kip,2022-08-05,MP,Lead,Onsight,1
108129224,Moose Drool,2024-04-22,MP,Flash,,1
108129240,Devastator,2024-04-22,MP,Flash,,1
108131535,Chimney Crack,2016-03-20,MP,,,1
108150273,My Generation,2017-05-02,MP,,,2
108151365,The Opportunist,2017-08-27,MP,Lead,Onsight,1
108152210,Reef On It!,2017-08-27,MP,Lead,Onsight,3
108152226,Ginger Snap,2017-10-29,MP,Lead,Onsight,1
108155879,First Steps,2017-09-09,MP,Lead,,1
108159470,Doctor's Orders,2017-09-09,MP,Lead,,1
108159474,Rehab,2017-09-09,MP,Lead,,2
108159532,New Beginnings,2023-07-28,MP,Lead,Fell/Hung,1
108160584,The Rail,2024-10-02,MP,Flash,,1
108160703,Phatness,2024-10-02,MP,Flash,,1
108161029,80 Grit,2022-05-30,MP,Lead,Flash,1
108172884,Beetle Byway,2023-09-02,MP,Lead,Onsight,1
108175274,Ussen,2022-01-17,MP,Lead,Onsight,1
108182590,No Rain,2017-08-27,MP,Lead,Onsight,3
108184552,Breadline,2024-09-30,MP,Flash,,1
108184582,Feel The Pinch,2024-09-30,MP,Attempt,,2
108184611,Scarecrow,2024-09-30,MP,Flash,,1
108184622,Cowardly Lion,2024-09-30,MP,Flash,,1
108184643,Lovage,2024-10-01,MP,Send,,1
108184692,The Physical,2024-10-01,MP,Attempt,,1
108185756,Chalkdust Tourture,2022-05-30,MP,Lead,Onsight,1
108193179,Duck A Day,2017-09-09,MP,Lead,Onsight,1
108193184,Air Patrol,2017-09-09,MP,Lead,,2
108226533,Wicked Gravity,2024-09-24,MP,Lead,Onsight,2
108226542,Turtle Mountain,2024-09-24,MP,Lead,Onsight,1
108226547,Public Enemy,2024-09-24,MP,Lead,Onsight,2
108233303,Shhhhh Eeep,2019-07-14,MP,Lead,Onsight,1
108233461,Mutt Ridin Monkey,2022-07-06,MP,Lead,Onsight,1
108243323,Buckets of Rain,2015-08-02,MP,,,2
108248659,Flaky Hooker,2022-10-23,MP,Flash,,1
108248961,Unknown -Warm up (The Jake),2020-11-07,MP,Solo,,2
108252810,Peaceful Revolution,2018-05-19,MP,Lead,Onsight,1
108252913,Cryptic Grips,2023-02-12,MP,Attempt,,1
108256301,Redmond Barry,2017-10-08,MP,Lead,Onsight,2
108258135,North Reach,2016-04-09,MP,,,1
108259493,Elastic Man,2024-09-10,MP,Lead,Onsight,2
108263642,Full Metal Jacket,2018-07-08,MP,Lead,Onsight,2
108266795,The Band is Just Fantastic,2019-07-12,MP,Lead,,1
108275813,Chewbacca,2022-08-02,MP,Lead,Onsight,1
108275877,That Flakes It Arete,2023-02-12,MP,Flash,,1
108290531,Jack Torrance,2018-07-08,MP,Lead,,2
108290668,Back for More,2020-12-25,MP,Lead,Onsight,1
108290711,Killer Queen,2017-10-22,MP,Lead,Onsight,1
108301230,Hucky Sucky 5.10 Bucky,2020-09-13,MP,Lead,Onsight,1
108319428,Crooked Darlin',2017-07-15,MP,Lead,Flash,1
108331197,Crystal Dike Right,2016-06-12,MP,,,1
108338622,The Gods Must Be Angry,2023-12-17,MP,Lead,Onsight,1
108384463,Cobblestone Cockamamie,2024-04-25,MP,Lead,Onsight,1
108389072,Gandee Candy,2021-10-01,MP,Lead,Onsight,1
108398847,Bagpiping in the Buff,2024-01-01,MP,Lead,,1
108409659,The Golden Hammer,2017-06-20,MP,Lead,,1
108416329,Approaching The Twilight,2024-01-01,MP,Lead,,1
108430436,Western Grip,2022-07-01,MP,Lead,Onsight,1
108442753,Recess,2017-05-07,MP,,,1
108443085,Child's Play,2017-05-07,MP,,,1
108443097,Pirate's Booty,2017-05-07,MP,,,1
108468844,Johnny Bravo,2023-08-29,MP,Solo,,2
108586002,Prey (Sarah's Crack),2022-08-10,MP,Solo,,1
108593931,Problem A,2024-06-24,MP,Send,,1
108593943,Problem B,2024-06-24,MP,Flash,,1
108593950,Problem C,2024-06-24,MP,Send,,1
108593958,Problem D,2024-06-24,MP,Flash,,1
108593971,Adam's Arete,2024-06-24,MP,Attempt,,1
108593979,Problem F,2024-06-24,MP,Flash,,1
108606894,For the Children,2021-07-05,MP,Lead,,1
108607710,Councillor's Groove,2022-08-10,MP,Solo,,1
108609759,Off the Couch,2020-06-13,MP,Lead,Flash,1
108630456,Cheese Grater,2022-08-05,MP,Send,,2
108668551,Chopping Bloc,2023-09-03,MP,Solo,,1
108695777,Unknown,2024-12-23,MP,Lead,Onsight,1
108745452,Opium of the People,2023-09-03,MP,Solo,,1
108766049,Tweety,2016-09-11,MP,,,1
108766058,I Tawt I Taw A Puddy Tat,2016-09-11,MP,,,1
108766319,EGBG,2021-09-30,MP,Lead,Onsight,1
108787826,Italian Combo,2019-02-26,MP,Lead,Onsight,1
108820543,Cousteau's Crux,2023-09-03,MP,Solo,,1
108844974,Deconstructing Harry,2019-11-09,MP,Lead,,1
108867060,Delicatessen,2023-09-19,MP,Lead,Fell/Hung,4
108891366,Cool Ranch Flavor Extension,2024-03-05,MP,Lead,Redpoint,3
108903213,Sagas 50,2014-05-04,MP,,,1
108903264,Dos Gorditos,2014-05-04,MP,,,1
109006293,Badassitude,2024-03-21,MP,Lead,Onsight,1
109028752,Fill In The Blanks,2021-07-05,MP,Lead,,1
109070301,Black Gold,2021-01-30,MP,Lead,,1
109090935,Dr. Food,2021-08-01,MP,Lead,Onsight,1
109091051,Saline Lock,2021-08-01,MP,Lead,Onsight,1
109140587,The Duke,2017-07-15,MP,Lead,Onsight,1
109192607,Pink Flamingo,2022-08-13,MP,TR,,1
109209914,No Opportunity Missed,2017-10-29,MP,Lead,Onsight,1
109209931,Black and Tan,2022-05-30,MP,Lead,Onsight,1
109210084,Ddong Chim!,2020-08-22,MP,Lead,Flash,1
109238338,School of Rock,2024-09-24,MP,Lead,Onsight,1
109238350,Neverland,2024-09-24,MP,Lead,Onsight,1
109250936,For The Grandchildren,2021-07-05,MP,Lead,,1
109294203,Crimson Tide,2024-09-22,MP,Lead,Onsight,1
109318244,Sausage Boy aka Sam's Route,2018-07-07,MP,Lead,Flash,1
109328507,Jungle Queen,2017-05-28,MP,Lead,Onsight,1
109328512,Red Orkan,2017-05-27,MP,Lead,Onsight,1
109330568,Harvey,2017-08-27,MP,Lead,Onsight,1
109330671,The Pooka aka Toprope,2017-08-27,MP,TR,,1
109341291,Twitch  (easy start),2024-06-16,MP,Lead,Onsight,1
109356484,Skin Graft,2022-08-05,MP,Attempt,,2
109356518,Chocolate Bunnies from Hell,2024-09-24,MP,Lead,Onsight,1
109360389,Elwood P. Dowd,2017-08-27,MP,Lead,Onsight,1
109376366,One For All,2021-07-05,MP,Lead,,1
109380065,Happiness of Pursuit,2017-05-02,MP,,,1
109412189,Lovin' You is a Dirty Job,2017-09-09,MP,Lead,Flash,2
109456096,Maximum Security,2021-01-16,MP,Lead,Onsight,1
109476926,KRGA,2024-04-17,MP,Lead,Onsight,1
109532096,Off the Wall,2024-02-23,MP,Lead,Redpoint,2
109550838,Fig Fart,2024-04-19,MP,Attempt,,1
109562118,Mecca Lite,2024-06-26,MP,TR,,1
109585393,Snake Eyes,2016-09-24,MP,Lead,Redpoint,2
109585903,Bonnie and Clyde,2023-08-13,MP,Lead,Fell/Hung,2
109590615,School of RÃ¶k,2021-09-18,MP,Lead,Redpoint,2
109636132,The Stormy G,2023-10-21,MP,Lead,Fell/Hung,1
109638837,Bucket List,2024-02-23,MP,Lead,Flash,1
109676270,2112,2019-11-09,MP,Lead,,1
109679786,Mighty Aphrodite,2019-11-09,MP,Lead,,1
109737854,Sand Dollar,2018-01-27,MP,Lead,Flash,4
109763690,Number 5 Crack,2017-05-02,MP,,,1
109783194,Yellow Dog Dingo,2017-11-21,MP,Lead,,2
109851160,Furlough Day,2015-10-24,MP,Lead,,2
109885667,Pink Harmonica,2016-02-15,MP,,,1
109930142,Heinous Cling Start,2023-11-27,MP,Lead,Redpoint,3
109949380,Hobbes,2021-11-21,MP,Lead,,1
109949393,Hamster Huey,2021-11-21,MP,Lead,,1
109949406,Gooey Kablooie,2021-11-21,MP,Lead,,1
109949573,Curious George Goes Climbing,2021-11-21,MP,Lead,Onsight,1
109960899,Problem C',2024-06-24,MP,Flash,,1
109960905,Problem D',2024-06-24,MP,Flash,,1
109984845,Southern Belle,2022-03-13,MP,Lead,Onsight,2
109984857,Sweet Sam,2022-03-13,MP,Lead,Onsight,2
110100932,Great White,2024-04-22,MP,Attempt,,1
110101413,Jesse James,2020-12-26,MP,Lead,Flash,1
110105014,Sleeper,2019-11-09,MP,Lead,,2
110140392,Yasgur's Farm,2024-09-07,MP,Lead,Onsight,1
110230055,Three Little Birds,2020-05-23,MP,Lead,,2
110231621,Magic Bed,2023-09-23,MP,Lead,Flash,1
110235810,The Burning Bush,2020-05-23,MP,Lead,,1
110250975,Buffalo Soldier,2020-05-25,MP,Lead,Onsight,1
110250991,Lyin' Like a Lion (in Zion),2020-05-25,MP,Lead,Redpoint,1
110250997,The Belay Brothers Bounce Back,2020-05-25,MP,Lead,Onsight,1
110251137,Old Pirates,2020-05-23,MP,Lead,Redpoint,2
110261773,72 Hour Energy,2021-10-01,MP,TR,,1
110356279,Witness the Citrus,2021-09-28,MP,Lead,Flash,1
110414575,The Test,2017-11-24,MP,Lead,,2
110424888,Quartz Dancer,2021-01-31,MP,Lead,Fell/Hung,1
110457319,Magic Light Start,2023-12-14,MP,Lead,Onsight,3
110489442,Badgersaurus,2019-05-11,MP,Lead,Fell/Hung,2
110523573,Melon Baller,2021-09-28,MP,Lead,Flash,1
110524458,Cut Finger Crack,2017-07-06,MP,,,1
110524762,Classic Overhang,2017-07-06,MP,,,1
110556746,Hamburglar,2023-07-25,MP,Attempt,,1
110568598,Jungle Monkey,2022-05-14,MP,TR,,1
110629043,Meltdown,2021-07-05,MP,Lead,Onsight,2
110640262,Lil' School Girl,2017-05-07,MP,,,1
110643424,Orion,2024-01-28,MP,Lead,Onsight,1
110656465,Telstar,2019-08-24,MP,Lead,Onsight,1
110664367,Tucupit occidentalis,2024-05-21,MP,Lead,Fell/Hung,1
110708927,South Arete,2022-10-23,MP,Send,,1
110708987,Cave Route,2022-11-05,MP,Send,,1
110751628,Prairie Rain,2022-07-03,MP,Lead,,1
110787941,Solar Flare,2024-06-24,MP,,,1
110798669,Wine and Cheese,2018-07-17,MP,Lead,Onsight,1
110802895,Dirty White Boy,2017-09-09,MP,Lead,Flash,1
110803154,All He's Got,2022-07-06,MP,Lead,Onsight,1
110803176,All He's Ever Gonna Have,2022-07-06,MP,Lead,Onsight,1
110816935,Big Whiskey,2019-07-05,MP,Lead,Fell/Hung,1
110859964,Imagine What I Could Do to Your Face,2022-07-01,MP,Lead,Onsight,1
110859980,Rio Bravo,2022-07-01,MP,Lead,Onsight,1
110889566,JewJew Fruit,2021-09-28,MP,Lead,Onsight,1
110905152,Pocket Hero,2016-07-14,MP,Lead,,2
110969192,Tesseract,2021-09-28,MP,Lead,Onsight,1
110977359,By a Thread,2017-09-10,MP,Lead,Onsight,1
110991434,All Quiet on the Western Slope,2018-07-01,MP,TR,,2
111016186,Requiem,2021-09-06,MP,Lead,Redpoint,2
111020092,Mini Blonde Bomb,2023-08-13,MP,Lead,Onsight,1
111070077,Pronghorn Tramp,2019-07-05,MP,Lead,,2
111071840,Star Spangled Rodeo,2019-07-06,MP,Lead,,1
111082534,Love Matters,2023-08-06,MP,,,1
111082797,Silverfish,2016-02-14,MP,,,1
111097367,The Whopper,2016-09-24,MP,,,1
111149916,Shuriken,2023-11-05,MP,Lead,Onsight,1
111194234,Wish You Sent Here,2021-05-16,MP,Lead,Fell/Hung,1
111212723,Surefire,2017-08-13,MP,Lead,Fell/Hung,1
111220463,Warm Busch Beer,2016-10-24,MP,Lead,Onsight,1
111228846,Family History,2023-09-23,MP,Lead,Onsight,1
111301554,Eminent Domain,2024-05-23,MP,Lead,Onsight,1
111301575,Last Supper,2024-05-23,MP,Lead,Onsight,1
111311288,Last Rites,2023-09-23,MP,Lead,Redpoint,2
111369039,Rio de Jean Perro,2019-06-23,MP,TR,,1
111369134,Spotty Lives,2019-06-23,MP,TR,,1
111386904,The Harvey,2017-11-26,MP,TR,,2
111392231,Pet Raccoon,2022-02-20,MP,Flash,,1
111531368,Kicker,2021-10-31,MP,Lead,Onsight,1
111539509,Corner Blitz AKA Tsunami,2020-12-26,MP,Lead,Flash,1
111542020,Desserter,2022-04-02,MP,Lead,Onsight,1
111578271,Moderate Dihedral,2017-01-29,MP,,,1
111580359,Sparky,2021-10-31,MP,Lead,Onsight,2
111580381,Three Old Dogs,2021-10-31,MP,Lead,Onsight,1
111654263,The Gruffalo,2023-10-11,MP,TR,,1
111676526,Slot Machine,2021-10-31,MP,Lead,Onsight,1
111688326,Crystal Cat,2018-09-30,MP,Lead,,1
111694680,Feverish,2021-12-25,MP,Lead,Flash,1
111761521,The Struggle Within (Start),2024-01-28,MP,Lead,Fell/Hung,1
111769220,Deeper is Better,2023-09-22,MP,Lead,Onsight,1
111790230,Beta Blocker,2023-09-23,MP,Lead,Fell/Hung,1
111824185,Triceratops,2024-03-16,MP,,,1
111883533,Left Finger Traverse,2020-11-07,MP,Solo,,1
111883607,Left Arete,2020-11-07,MP,Solo,,1
111893873,Sport Route Right,2023-03-26,MP,Lead,Onsight,1
111903271,Fallon,2021-05-09,MP,Lead,Onsight,1
111903301,The Journey,2021-09-06,MP,Lead,Onsight,1
111904645,No Rest for the Weak'ed,2024-05-25,MP,Lead,Onsight,1
111904726,Power in Weakness,2024-05-25,MP,Lead,Onsight,1
111904742,What is Your Weakness?,2024-05-25,MP,Lead,Onsight,1
111941682,Subpar,2017-05-26,MP,Lead,Onsight,1
111946283,Compression Matters,2023-08-06,MP,,,1
111951795,Teeter Totter Roof,2017-05-07,MP,,,1
111961383,Queen of England,2022-07-08,MP,Lead,Onsight,1
111971153,Three Bite Burrito,2020-08-22,MP,Lead,Flash,1
111984595,Jerry the Gnome,2017-10-29,MP,Lead,,1
112009323,North Chimney,2017-09-22,MP,Lead,,4
112015974,Some Boys Never Learn extension,2018-06-03,MP,Lead,Flash,1
112017117,Dirt Trek,2016-05-20,MP,Lead,,3
112053342,Wet Wipe aWhet,2018-07-14,MP,Lead,Onsight,1
112063799,Fist Full of Quickdraws,2019-07-10,MP,Lead,Redpoint,2
112065984,Zero Gravity,2021-09-28,MP,Lead,Onsight,1
112067046,Geriatric Journey,2018-09-17,MP,Lead,Redpoint,2
112067981,"I'm a Lead Farmer, Motha' Fucker",2022-07-08,MP,Lead,Onsight,1
112095476,Backdoor Man,2021-08-28,MP,Lead,Redpoint,2
112101317,Unshackled,2021-05-22,MP,Lead,Onsight,2
112101352,Implements of Destruction,2021-08-28,MP,Lead,Onsight,1
112108364,The Emperor's New Clothes,2024-07-05,MP,Lead,Fell/Hung,3
112116406,The Executioner,2023-07-28,MP,Lead,Onsight,1
112122030,PTO,2019-05-12,MP,Lead,,1
112131303,Chico,2018-07-14,MP,,,1
112142195,Creek Nation,2019-05-12,MP,Lead,,1
112160433,Smoky Treat,2018-06-06,MP,Lead,Flash,1
112179017,Lame Line,2016-09-24,MP,Lead,Onsight,2
112179189,The Oyster Bar,2019-05-12,MP,Lead,,1
112190381,Joyride,2021-07-22,MP,Lead,Flash,1
112190397,Lot Lizards,2021-07-22,MP,Lead,Fell/Hung,1
112206934,Medicine Trail Relay,2019-07-10,MP,Lead,,2
112223378,Period of Uncertainty,2017-06-10,MP,TR,,1
112259438,The Dark Tower,2023-11-05,MP,Lead,Onsight,1
112270844,Dirty Looks,2017-09-09,MP,Lead,Onsight,1
112289818,Starry Night,2023-09-24,MP,Lead,Fell/Hung,1
112295556,Psychedelic Mini-Fridge,2019-08-06,MP,Lead,Flash,1
112347621,Planned Obsolescence,2024-05-23,MP,Lead,Onsight,1
112402387,Unknown 8+ aka Fuddy Duddy,2018-01-14,MP,,,1
112417079,Burnt Toast,2017-10-21,MP,Lead,Onsight,3
112484032,Divine Vessel,2024-05-23,MP,Lead,Onsight,1
112511931,Team Umizoomi,2021-04-18,MP,Lead,Onsight,1
112528287,The Adventures of Rocky and Bullwinkle,2021-04-18,MP,Lead,,1
112557064,Scary Carrie,2024-12-23,MP,Lead,Onsight,1
112798877,Breadline Variation,2024-09-30,MP,Flash,,1
112801935,Scary Spice,2024-04-19,MP,Attempt,,1
112835972,The Calla Way,2017-04-14,MP,Lead,Onsight,1
112836233,Picnic Blank It,2020-10-10,MP,Lead,Onsight,1
112836276,Chips and Beer,2020-10-10,MP,Lead,Onsight,1
112836417,Tide to Tye,2017-04-14,MP,Lead,Fell/Hung,1
112836447,Adults Only Picnic,2020-10-10,MP,Lead,Onsight,1
112844518,Lemonade,2022-02-17,MP,Lead,Onsight,1
112844621,Rotten Pillar,2022-02-17,MP,Lead,Redpoint,2
112846211,Mental Hopscotch,2018-02-18,MP,Lead,Onsight,1
112852508,Behold,2024-03-21,MP,Lead,Onsight,1
112892188,Power Steering,2024-09-30,MP,Send,,1
112917904,Nomesayin (??),2021-07-22,MP,Lead,Flash,1
112997633,Violetta,2019-06-23,MP,TR,,1
113038879,3.14,2017-05-27,MP,Lead,Onsight,1
113039050,Andy Wants Some Candy,2017-05-27,MP,Lead,Onsight,1
113089342,Surfaris,2019-08-24,MP,Lead,,1
113131547,The Wave,2024-03-16,MP,Flash,,2
113170173,Whipped Cream,2023-08-11,MP,Lead,Fell/Hung,2
113178586,The Urchin,2020-09-19,MP,Lead,Onsight,1
113249633,Japanese Cowboy,2022-08-06,MP,,,1
113250922,A Few Quickdraws More,2017-07-13,MP,Lead,Onsight,1
113267577,Five O'Clock Shadow,2017-11-25,MP,Lead,,1
113286106,Raiders of the Lost Ark,2023-08-14,MP,Lead,Onsight,1
113364550,Team Effort,2019-07-10,MP,,,1
113383492,Shorty Arete,2023-08-06,MP,,,1
113383678,Chalk Block Left,2023-08-06,MP,,,1
113386667,Ninja Pony Ride,2023-08-06,MP,Solo,,1
113431769,Robyn's Route,2022-02-17,MP,Lead,Redpoint,2
113441195,Long Time No See,2022-08-07,MP,Lead,,1
113474285,Skinny Dipping,2020-10-10,MP,Lead,Onsight,1
113526819,Lever Action,2022-07-03,MP,Lead,,1
113546691,The Hangman,2022-07-10,MP,Lead,Redpoint,2
113664798,Ignorant Bliss,2023-08-14,MP,Lead,Onsight,1
113699177,Berga,2018-07-31,MP,Lead,Onsight,2
113731295,Star Crunch,2023-12-05,MP,Lead,Fell/Hung,1
113866145,Whopper,2024-04-19,MP,Attempt,,1
113892902,Raggedy Andy,2021-04-18,MP,Lead,,1
113892928,Raggedy Ann,2021-04-18,MP,Lead,,1
114012282,Spinal Tap,2022-01-23,MP,Lead,Flash,1
114012313,City of the Dead,2022-01-29,MP,Lead,Fell/Hung,1
114012359,Afterlife,2019-08-12,MP,Lead,Onsight,3
114012397,The Reaper,2019-08-16,MP,Lead,Onsight,1
114012413,Reincarnation,2019-08-16,MP,Lead,Onsight,3
114012513,Ugoogoly,2019-08-12,MP,Lead,Onsight,2
114012587,Six Feet Under,2022-01-23,MP,Lead,,2
114028771,Ernest Stemmingway,2019-08-16,MP,Lead,Onsight,1
114038437,Zika Virus,2020-03-18,MP,Lead,,1
114038504,Reeper's BanDana,2020-03-18,MP,Lead,,1
114064300,Tomb Raider,2022-02-26,MP,Lead,Fell/Hung,1
114068868,Chopped Sand,2024-04-17,MP,Lead,Fell/Hung,1
114089122,White Dog,2021-10-31,MP,Lead,Onsight,2
114116505,Choss-A-Block,2022-07-28,MP,Attempt,,1
114140839,Sangria,2022-06-19,MP,Lead,Fell/Hung,1
114140845,Moscow Mule,2022-06-19,MP,Lead,Flash,1
114149484,Dia de Los Muertos,2019-08-12,MP,Lead,Redpoint,4
114158727,Grave Digger,2022-02-06,MP,Lead,Fell/Hung,2
114158750,Hellbender,2022-01-29,MP,Lead,Fell/Hung,1
114194877,Shadow of Death,2022-02-27,MP,Lead,Onsight,1
114195083,Death of Yuppies,2020-03-18,MP,Lead,Onsight,2
114195097,Molotov Cockfight,2020-03-18,MP,Lead,,1
114270018,The Walking Dead,2022-02-06,MP,Lead,Fell/Hung,1
114307522,Michael Fitzpatrick,2024-04-25,MP,Lead,Onsight,1
114340596,Busted Stand,2024-10-01,MP,Send,,2
114430626,The Outcast,2022-07-03,MP,Lead,Onsight,1
114435866,Unkindness of Ravens,2022-07-03,MP,Lead,Flash,1
114441945,Light My Fire,2023-07-09,MP,Lead,Redpoint,2
114526605,Spook the Herd,2019-07-06,MP,Lead,,1
114534087,Super Tuscan,2023-04-09,MP,Lead,Redpoint,15
114581191,Cobra Head,2023-07-29,MP,Lead,Redpoint,2
114592490,Sego Lily,2019-07-06,MP,Lead,,1
114595292,Broken Promises,2018-07-16,MP,Lead,Onsight,1
114618324,Pipeline,2019-08-24,MP,Lead,Onsight,1
114784177,Baby Rex,2021-07-04,MP,Lead,Onsight,1
114804208,Matchless,2020-06-20,MP,Lead,Fell/Hung,1
114804995,Deez Nutz,2023-08-15,MP,Lead,Redpoint,2
114805042,Booger 5,2023-08-15,MP,Lead,Onsight,1
114805061,Dr. Jeckyl,2023-08-15,MP,Lead,Flash,1
114935630,Free and Easy,2022-08-05,MP,Lead,Onsight,1
114956407,When It All Comes Crashing Down,2018-08-26,MP,Lead,Onsight,2
114963602,Spotters on Strike,2024-09-07,MP,Flash,,1
115135920,Liquid Courage,2018-08-26,MP,Lead,,2
115136357,Safety Meeting,2018-08-26,MP,Lead,Onsight,1
115140579,Gremlin,2022-06-12,MP,Lead,,1
115164241,Southwest Scramble,2022-08-28,MP,Solo,,1
115380088,The Advocate,2021-04-18,MP,Lead,Redpoint,1
115788449,Sunday Funday,2021-09-30,MP,Lead,,1
115788473,Pumpkin 3.14,2021-09-30,MP,TR,,1
115788499,Flying Nun,2021-09-30,MP,Lead,,1
115959536,The Pony,2020-11-25,MP,Lead,Onsight,1
115959627,Rambo Peep,2020-11-25,MP,Lead,Redpoint,2
115959647,Three Bags Full,2020-11-25,MP,Lead,Onsight,2
116122044,Hooker Next Door,2024-10-06,MP,Lead,Onsight,2
116134602,Nuclear Fingers,2019-03-01,MP,Follow,,1
116140059,Road Block,2019-03-01,MP,TR,,1
116202042,Unnamed 5.10 Flare,2019-02-28,MP,Lead,Fell/Hung,1
116551910,Star Wars,2023-03-26,MP,Flash,,1
116563689,Milagro Beanfield,2023-03-25,MP,Send,,2
116595088,Keymaker,2023-03-26,MP,Lead,Onsight,1
116725262,The Ramp,2020-06-20,MP,Lead,,1
116731920,Fossiliferous Face,2024-05-13,MP,Flash,,1
116739458,Big Johnston's Arete',2024-05-13,MP,Lead,Onsight,1
116739990,Barrel O' Fun,2024-05-14,MP,Lead,Onsight,1
116740061,Mellow Yellow,2024-05-14,MP,Lead,Onsight,1
116740123,Enewman,2024-05-13,MP,Lead,Onsight,1
116740150,How 'Bout a FRESCA...hmm?,2024-05-14,MP,Lead,Onsight,1
116740165,Air Affair,2024-05-14,MP,Lead,Onsight,1
116751464,Jackhammer Johnston,2024-05-13,MP,Lead,Onsight,1
116751519,Bacon Strip,2024-05-13,MP,Lead,Onsight,1
117010155,Bulbous Naughty Bits,2024-05-14,MP,Lead,Fell/Hung,1
117126919,The Tutorial,2023-12-04,MP,Lead,Onsight,1
117133577,Bone Daddy,2022-01-23,MP,Lead,,2
117291118,Progeny,2019-06-30,MP,Lead,Redpoint,1
117341933,The Main Line,2024-06-14,MP,TR,,1
117343662,Castles Made of Sand,2023-12-04,MP,Lead,Flash,1
117362024,Dharma Bums,2023-07-25,MP,Flash,,1
117362081,Gangster's Paradise,2023-07-25,MP,Send,,1
117375409,Six Shooter and a Mullet,2022-07-09,MP,Lead,,1
117375810,Imposter Complex,2023-12-04,MP,Lead,Onsight,2
117387590,Tannaâ€™s Crack Front to Back,2022-07-09,MP,Lead,Onsight,1
117402922,Kaleidoscope Eyes,2023-08-15,MP,Lead,Onsight,1
117406623,Waiting for the Sun,2021-05-22,MP,Lead,Redpoint,3
117557944,Farewell to Arms,2024-09-21,MP,Lead,Redpoint,2
117558093,Time Step,2023-12-04,MP,Lead,Onsight,1
117586448,Donnybrook,2021-03-27,MP,Lead,,1
117692296,Unknown Left Route,2023-09-30,MP,Solo,,1
117705754,Zoolander (submitted as Powder Keg),2023-07-18,MP,Attempt,,1
117848998,Bolt Action,2022-07-09,MP,Lead,,1
117879040,Long Ass,2023-03-24,MP,Flash,,1
117879056,Juicy Shorts,2023-03-24,MP,Flash,,1
117912039,Shark Bait,2024-04-22,MP,Attempt,,1
117940677,Tuesdayâ€™s Gone,2023-12-08,MP,Lead,Onsight,1
118015461,Limestone Cowboy,2022-01-17,MP,Lead,,1
118070144,East Face Traverse,2024-10-14,MP,Attempt,,1
118101557,Tree Beard,2023-03-24,MP,Flash,,1
118133534,Low Priest,2022-01-23,MP,Lead,,1
118249574,Cheesecake Arete,2022-02-19,MP,Flash,,1
118259212,Pure Sugar,2023-12-05,MP,Lead,Onsight,1
118312664,Super Size It,2021-03-28,MP,Solo,,1
118590352,Cruisin' Caskets,2022-01-29,MP,Lead,Onsight,2
118610815,Stumblebum Traverse Variation,2024-04-19,MP,Send,,1
118648351,Sick of Tradition,2020-12-24,MP,Lead,,1
118654708,The Crossing,2016-10-31,MP,Lead,,1
118686479,Try Angular,2023-03-24,MP,Attempt,,1
118697582,Love Jug Left,2023-03-24,MP,Attempt,,1
118697594,Love Jug Right,2023-03-24,MP,Flash,,1
118936340,Short Pony,2022-07-01,MP,Lead,Onsight,1
119095616,Return of the King,2022-06-12,MP,Lead,,1
119134066,Red Face Magic,2021-08-22,MP,Lead,Onsight,1
119206065,The Real Slim Shady,2020-08-30,MP,Lead,Flash,1
119215905,Call Sign,2022-07-30,MP,Lead,Onsight,1
119215928,Morse Code,2022-07-30,MP,Lead,Onsight,1
119216000,Polar Vortex,2022-07-30,MP,Lead,Fell/Hung,1
119216011,Mono Mystery,2022-07-30,MP,Lead,Onsight,1
119257462,Thumbelina,2024-09-05,MP,Lead,Onsight,1
119266804,Pyramid Power,2024-09-22,MP,Lead,Onsight,1
119266823,Let It Bleed,2024-09-22,MP,Lead,Onsight,1
119267832,Baby Dog,2022-03-27,MP,Lead,Onsight,1
119284015,Exit Stage Left,2024-09-21,MP,Lead,Onsight,2
119401183,North Ridge of Kit Carson,2013-07-13,MP,Solo,,1
119433549,One Trick Sheep,2022-07-04,MP,Lead,Onsight,1
119559577,White China,2020-09-14,MP,TR,,1
119600477,COVID-5.10,2023-12-11,MP,Lead,Onsight,1
119694158,Left Nostril,2020-10-03,MP,TR,,1
119721353,Mini-Dagger,2023-07-25,MP,Send,,1
119782014,Armada,2023-09-01,MP,Solo,,2
119865776,How 'Bout Them Apples aka Gunned but Not Forgotten,2023-08-30,MP,Lead,Onsight,1
119868779,Echame La Culpa,2024-10-07,MP,TR,,1
119935970,Lieutenant Legg,2024-04-17,MP,Lead,Onsight,1
120094048,Right ArÃªte,2022-01-30,MP,Send,,3
120255673,Concrete Jungle,2024-12-22,MP,Lead,Onsight,1
120270800,Little Mochi,2024-06-03,MP,Lead,Onsight,1
120270999,Clem Fandango,2024-06-03,MP,Lead,Onsight,1
120271061,Jack O'Neill,2024-06-03,MP,Lead,Flash,1
120271137,Kentucky Kid,2024-06-03,MP,Lead,Onsight,1
120271151,Newtonian Mechanics,2024-06-03,MP,Lead,Fell/Hung,1
120375376,Prime Number,2023-11-15,MP,Lead,Onsight,1
120574215,Welcome to West Germany,2021-04-19,MP,Lead,Onsight,1
120640969,Walk on the Wilde Side,2024-09-21,MP,Lead,Fell/Hung,1
120761129,Scorpion,2023-01-02,MP,Lead,Onsight,1
120765388,The Spirit of Squamish,2022-07-31,MP,Lead,Onsight,1
121075727,Iâ€™m Pumped,2024-06-27,MP,Send,,2
121130201,Rope Wars,2023-07-30,MP,Lead,Onsight,1
121166594,Swampton,2022-08-05,MP,Lead,Onsight,1
121209810,Craters on the Moon,2022-05-11,MP,Lead,,1
121209821,Conglomeration Isolation,2022-05-11,MP,Lead,,1
121209828,Righteous Babes on the Beach,2022-05-11,MP,Lead,,1
121239336,Fridge With No Name,2023-03-31,MP,Send,,2
121258330,Jiminy Cricket,2024-09-09,MP,Solo,,1
121421803,Groper Left,2022-02-21,MP,Send,,2
121453854,The Power of Pippin,2024-09-09,MP,Solo,,1
121460997,B52 and a Ham Sammich,2019-04-20,MP,TR,,2
121461055,The Salt and the Lime,2018-04-15,MP,Lead,,3
121461137,Tequilla Redbull,2018-04-30,MP,Lead,,2
121461179,Whiskey Fire,2018-04-30,MP,Lead,Fell/Hung,2
121461217,Ghost Pepper,2019-04-06,MP,TR,,1
121461256,"Thor, Sam, and Aaron: Attorneys at Rock Law",2019-04-21,MP,Lead,,1
121461271,Walking On Wine,2018-04-15,MP,Lead,Redpoint,4
121461292,Don't Drink and Drill,2018-04-15,MP,Lead,Fell/Hung,4
121461306,Zombie Jesus,2019-04-21,MP,Lead,Redpoint,1
121463975,"Holy Moly, Thereâ€™s a Roly Poly in My Guacamole",2019-03-23,MP,Lead,Redpoint,2
121463994,Non Dairy Nut Cheese,2018-11-04,MP,Lead,,4
121464013,A Bag of Dicks without a Handle,2018-11-04,MP,Lead,Redpoint,4
121464026,Recycled Organic Free Range Sustainably Sourced Faux Jackalope Fur,2018-11-17,MP,Lead,,3
121464048,The View,2020-11-23,MP,Lead,Fell/Hung,1
121464083,D-ort by Night,2019-03-26,MP,TR,,2
121464092,Thurday Special,2018-01-28,MP,Lead,Onsight,1
121464097,Hop Trash,2019-03-24,MP,Lead,,2
121490068,Seven Beez,2021-11-14,MP,Lead,Onsight,1
121490158,Cruces,2021-11-14,MP,Lead,Onsight,1
121490174,Slab-Cling,2021-11-14,MP,Lead,Flash,1
121569868,Lenten Passage,2021-04-19,MP,Lead,Onsight,1
121623204,Kind,2024-07-05,MP,Lead,Onsight,1
121638456,Melaza,2021-11-14,MP,Lead,Onsight,1
121638708,Clouds a' Streamin',2021-11-14,MP,Lead,Flash,1
121638786,Side of Applesauce,2021-11-14,MP,Lead,Onsight,1
121638898,Give and Go,2019-04-19,MP,Lead,Onsight,1
121638929,Pumplestiltskin,2018-04-28,MP,Lead,Onsight,1
121638986,Trippel Barrel,2018-04-15,MP,Lead,Onsight,1
121639027,Ol' Dairy Ale,2018-04-15,MP,Lead,,1
121639081,Freeze Cat,2021-11-14,MP,Lead,Onsight,1
121639121,Burnt Toast,2018-10-21,MP,Lead,Onsight,1
121639140,Campfired,2018-11-18,MP,Lead,Onsight,1
121639158,CO Blunt Arete,2018-10-21,MP,Lead,Onsight,1
121639184,Trashy Blonde,2018-04-30,MP,Lead,,1
121639201,Skeleto,2018-10-20,MP,Lead,,4
121639251,Genizaro,2018-04-29,MP,Lead,Onsight,2
121639280,"Blood, Sweat, & Cleavage",2019-04-21,MP,Lead,Onsight,2
121639316,Goofy Foot,2018-04-29,MP,Lead,Onsight,1
121639371,Hermano,2021-11-13,MP,Lead,Onsight,1
121641054,Pemba Sherpa,2019-04-19,MP,Lead,,1
121641131,Bad Phil,2019-04-21,MP,Lead,Redpoint,1
121641160,Grammy Phil,2019-04-21,MP,Lead,Onsight,1
121641207,Tre Anasazz,2018-10-20,MP,Lead,,2
121641269,Saliente,2019-04-19,MP,Lead,Onsight,1
121641323,"Maple, Eh",2018-10-20,MP,Lead,Onsight,1
121641359,Three Heavy,2019-04-19,MP,Lead,Fell/Hung,1
121641374,Threedom Wheat,2019-04-19,MP,Lead,Onsight,1
121641831,Black Copter,2019-04-19,MP,Lead,Onsight,1
121641838,d' Amber,2020-11-26,MP,Lead,Fell/Hung,1
121641854,Scavezzo,2018-04-28,MP,Lead,,2
121641869,Chill Session,2018-10-21,MP,Lead,,4
121641882,Bob-B-Que,2018-04-28,MP,Lead,,1
121641893,Bernie the Axe,2018-11-19,MP,Lead,Onsight,5
121641907,Black Yak,2018-11-19,MP,Lead,Onsight,2
121692222,Joy (stand start),2023-03-31,MP,Send,,2
121693965,Lemons to Lemonade,2022-11-05,MP,Flash,,1
121731971,Highball Jugs,2023-03-23,MP,Flash,,1
121731982,Sunshine Slate,2023-03-23,MP,Flash,,1
121731990,Mushroom Cap,2023-03-23,MP,Flash,,1
121732084,Classical Mushroom,2023-03-25,MP,Flash,,1
121732090,Center El Mushroom,2023-03-23,MP,Flash,,1
121732154,Battlepunt,2023-03-23,MP,Send,,3
121744184,Pavol Line 1,2023-03-31,MP,Attempt,,1
121744415,Unnamed,2023-03-31,MP,Send,,2
121795036,Pavol Line 2,2023-03-31,MP,Send,,2
121796659,China Pockets,2024-07-05,MP,Lead,Onsight,1
121796671,Buttercup,2023-03-24,MP,Attempt,,1
121812589,Shot Tower,2023-07-18,MP,Attempt,,1
121821220,Pandemic,2023-01-02,MP,Lead,Fell/Hung,1
121887620,Cuban Arete,2023-03-23,MP,Flash,,1
121958892,E-40,2023-03-31,MP,Flash,,1
122315429,Centre Slab,2022-08-02,MP,Send,,6
123158034,Pavol 5000,2023-03-31,MP,Attempt,,1
123458306,Twerker's Comp,2023-08-29,MP,Solo,,1
123523372,Super Star Destroyer,2023-11-06,MP,Send,,1
123650305,The Strip Traverse,2023-01-08,MP,Send,,2
123762540,R.I.P.D.S.W.B.,2024-07-05,MP,Lead,Onsight,1
123929836,Exit,2023-03-25,MP,Send,,1
123929917,Bushkiller,2023-03-25,MP,Flash,,1
123929965,Dead Jesus,2023-03-25,MP,Flash,,1
124107793,Wine South Face,2024-06-27,MP,Attempt,,1
124615891,Tip Top,2023-07-14,MP,Flash,,1
124616006,Top-Notch,2023-07-14,MP,Send,,1
124616030,Sterling,2023-07-14,MP,Send,,1
124616046,First-Rate,2023-07-14,MP,Flash,,1
124616060,Top-Drawer,2023-07-14,MP,Flash,,1
124616106,Top Knot,2023-07-14,MP,Flash,,1
124621673,The Spray,2024-07-04,MP,Lead,,1
124660223,A Madman Dreams of Turing Machines,2023-07-22,MP,Lead,Redpoint,1
124833056,Unnamed Undercling,2024-06-27,MP,Send,,1
125195471,Sharp Shooter,2024-04-22,MP,Attempt,,1
125234799,Bridwell Arete,2024-06-28,MP,Attempt,,1
126027245,Baby Right Round (aka Back to the Wall),2024-04-21,MP,Send,,1
126028021,You Spin Me Right Round (aka Twist of Fury),2024-04-21,MP,Attempt,,1
126028399,Round the Horn,2024-04-21,MP,Flash,,1
126028415,To the Top,2024-04-21,MP,Flash,,1
126239812,The Mussy Hooker,2024-09-21,MP,Lead,Onsight,1
126571538,Lucky Lettuce,2024-12-23,MP,Lead,Onsight,1
